Assembly	kmergenie
k30_ecoli_100X_1	67
k36_ecoli_100X_1	67
k42_ecoli_100X_1	67
k48_ecoli_100X_1	67
k54_ecoli_100X_1	67
k60_ecoli_100X_1	67
k66_ecoli_100X_1	67
k72_ecoli_100X_1	67
k78_ecoli_100X_1	67
k84_ecoli_100X_1	67
k90_ecoli_100X_1	67
k96_ecoli_100X_1	67
k30_ecoli_100X_10	67
k36_ecoli_100X_10	67
k42_ecoli_100X_10	67
k48_ecoli_100X_10	67
k54_ecoli_100X_10	67
k60_ecoli_100X_10	67
k66_ecoli_100X_10	67
k72_ecoli_100X_10	67
k78_ecoli_100X_10	67
k84_ecoli_100X_10	67
k90_ecoli_100X_10	67
k96_ecoli_100X_10	67
k30_ecoli_100X_11	67
k36_ecoli_100X_11	67
k42_ecoli_100X_11	67
k48_ecoli_100X_11	67
k54_ecoli_100X_11	67
k60_ecoli_100X_11	67
k66_ecoli_100X_11	67
k72_ecoli_100X_11	67
k78_ecoli_100X_11	67
k84_ecoli_100X_11	67
k90_ecoli_100X_11	67
k96_ecoli_100X_11	67
k30_ecoli_100X_12	67
k36_ecoli_100X_12	67
k42_ecoli_100X_12	67
k48_ecoli_100X_12	67
k54_ecoli_100X_12	67
k60_ecoli_100X_12	67
k66_ecoli_100X_12	67
k72_ecoli_100X_12	67
k78_ecoli_100X_12	67
k84_ecoli_100X_12	67
k90_ecoli_100X_12	67
k96_ecoli_100X_12	67
k30_ecoli_100X_13	67
k36_ecoli_100X_13	67
k42_ecoli_100X_13	67
k48_ecoli_100X_13	67
k54_ecoli_100X_13	67
k60_ecoli_100X_13	67
k66_ecoli_100X_13	67
k72_ecoli_100X_13	67
k78_ecoli_100X_13	67
k84_ecoli_100X_13	67
k90_ecoli_100X_13	67
k96_ecoli_100X_13	67
k30_ecoli_100X_14	67
k36_ecoli_100X_14	67
k42_ecoli_100X_14	67
k48_ecoli_100X_14	67
k54_ecoli_100X_14	67
k60_ecoli_100X_14	67
k66_ecoli_100X_14	67
k72_ecoli_100X_14	67
k78_ecoli_100X_14	67
k84_ecoli_100X_14	67
k90_ecoli_100X_14	67
k96_ecoli_100X_14	67
k30_ecoli_100X_15	67
k36_ecoli_100X_15	67
k42_ecoli_100X_15	67
k48_ecoli_100X_15	67
k54_ecoli_100X_15	67
k60_ecoli_100X_15	67
k66_ecoli_100X_15	67
k72_ecoli_100X_15	67
k78_ecoli_100X_15	67
k84_ecoli_100X_15	67
k90_ecoli_100X_15	67
k96_ecoli_100X_15	67
k30_ecoli_100X_2	67
k36_ecoli_100X_2	67
k42_ecoli_100X_2	67
k48_ecoli_100X_2	67
k54_ecoli_100X_2	67
k60_ecoli_100X_2	67
k66_ecoli_100X_2	67
k72_ecoli_100X_2	67
k78_ecoli_100X_2	67
k84_ecoli_100X_2	67
k90_ecoli_100X_2	67
k96_ecoli_100X_2	67
k30_ecoli_100X_3	67
k36_ecoli_100X_3	67
k42_ecoli_100X_3	67
k48_ecoli_100X_3	67
k54_ecoli_100X_3	67
k60_ecoli_100X_3	67
k66_ecoli_100X_3	67
k72_ecoli_100X_3	67
k78_ecoli_100X_3	67
k84_ecoli_100X_3	67
k90_ecoli_100X_3	67
k96_ecoli_100X_3	67
k30_ecoli_100X_4	67
k36_ecoli_100X_4	67
k42_ecoli_100X_4	67
k48_ecoli_100X_4	67
k54_ecoli_100X_4	67
k60_ecoli_100X_4	67
k66_ecoli_100X_4	67
k72_ecoli_100X_4	67
k78_ecoli_100X_4	67
k84_ecoli_100X_4	67
k90_ecoli_100X_4	67
k96_ecoli_100X_4	67
k30_ecoli_100X_5	67
k36_ecoli_100X_5	67
k42_ecoli_100X_5	67
k48_ecoli_100X_5	67
k54_ecoli_100X_5	67
k60_ecoli_100X_5	67
k66_ecoli_100X_5	67
k72_ecoli_100X_5	67
k78_ecoli_100X_5	67
k84_ecoli_100X_5	67
k90_ecoli_100X_5	67
k96_ecoli_100X_5	67
k30_ecoli_100X_6	67
k36_ecoli_100X_6	67
k42_ecoli_100X_6	67
k48_ecoli_100X_6	67
k54_ecoli_100X_6	67
k60_ecoli_100X_6	67
k66_ecoli_100X_6	67
k72_ecoli_100X_6	67
k78_ecoli_100X_6	67
k84_ecoli_100X_6	67
k90_ecoli_100X_6	67
k96_ecoli_100X_6	67
k30_ecoli_100X_600m_1	67
k36_ecoli_100X_600m_1	67
k42_ecoli_100X_600m_1	67
k48_ecoli_100X_600m_1	67
k54_ecoli_100X_600m_1	67
k60_ecoli_100X_600m_1	67
k66_ecoli_100X_600m_1	67
k72_ecoli_100X_600m_1	67
k78_ecoli_100X_600m_1	67
k84_ecoli_100X_600m_1	67
k90_ecoli_100X_600m_1	67
k96_ecoli_100X_600m_1	67
k30_ecoli_100X_600m_10	67
k36_ecoli_100X_600m_10	67
k42_ecoli_100X_600m_10	67
k48_ecoli_100X_600m_10	67
k54_ecoli_100X_600m_10	67
k60_ecoli_100X_600m_10	67
k66_ecoli_100X_600m_10	67
k72_ecoli_100X_600m_10	67
k78_ecoli_100X_600m_10	67
k84_ecoli_100X_600m_10	67
k90_ecoli_100X_600m_10	67
k96_ecoli_100X_600m_10	67
k30_ecoli_100X_600m_11	67
k36_ecoli_100X_600m_11	67
k42_ecoli_100X_600m_11	67
k48_ecoli_100X_600m_11	67
k54_ecoli_100X_600m_11	67
k60_ecoli_100X_600m_11	67
k66_ecoli_100X_600m_11	67
k72_ecoli_100X_600m_11	67
k78_ecoli_100X_600m_11	67
k84_ecoli_100X_600m_11	67
k90_ecoli_100X_600m_11	67
k96_ecoli_100X_600m_11	67
k30_ecoli_100X_600m_12	85
k36_ecoli_100X_600m_12	85
k42_ecoli_100X_600m_12	85
k48_ecoli_100X_600m_12	85
k54_ecoli_100X_600m_12	85
k60_ecoli_100X_600m_12	85
k66_ecoli_100X_600m_12	85
k72_ecoli_100X_600m_12	85
k78_ecoli_100X_600m_12	85
k84_ecoli_100X_600m_12	85
k90_ecoli_100X_600m_12	85
k96_ecoli_100X_600m_12	85
k30_ecoli_100X_600m_13	67
k36_ecoli_100X_600m_13	67
k42_ecoli_100X_600m_13	67
k48_ecoli_100X_600m_13	67
k54_ecoli_100X_600m_13	67
k60_ecoli_100X_600m_13	67
k66_ecoli_100X_600m_13	67
k72_ecoli_100X_600m_13	67
k78_ecoli_100X_600m_13	67
k84_ecoli_100X_600m_13	67
k90_ecoli_100X_600m_13	67
k96_ecoli_100X_600m_13	67
k30_ecoli_100X_600m_14	85
k36_ecoli_100X_600m_14	85
k42_ecoli_100X_600m_14	85
k48_ecoli_100X_600m_14	85
k54_ecoli_100X_600m_14	85
k60_ecoli_100X_600m_14	85
k66_ecoli_100X_600m_14	85
k72_ecoli_100X_600m_14	85
k78_ecoli_100X_600m_14	85
k84_ecoli_100X_600m_14	85
k90_ecoli_100X_600m_14	85
k96_ecoli_100X_600m_14	85
k30_ecoli_100X_600m_15	85
k36_ecoli_100X_600m_15	85
k42_ecoli_100X_600m_15	85
k48_ecoli_100X_600m_15	85
k54_ecoli_100X_600m_15	85
k60_ecoli_100X_600m_15	85
k66_ecoli_100X_600m_15	85
k72_ecoli_100X_600m_15	85
k78_ecoli_100X_600m_15	85
k84_ecoli_100X_600m_15	85
k90_ecoli_100X_600m_15	85
k96_ecoli_100X_600m_15	85
k30_ecoli_100X_600m_16	67
k36_ecoli_100X_600m_16	67
k42_ecoli_100X_600m_16	67
k48_ecoli_100X_600m_16	67
k54_ecoli_100X_600m_16	67
k60_ecoli_100X_600m_16	67
k66_ecoli_100X_600m_16	67
k72_ecoli_100X_600m_16	67
k78_ecoli_100X_600m_16	67
k84_ecoli_100X_600m_16	67
k90_ecoli_100X_600m_16	67
k96_ecoli_100X_600m_16	67
k30_ecoli_100X_600m_17	67
k36_ecoli_100X_600m_17	67
k42_ecoli_100X_600m_17	67
k48_ecoli_100X_600m_17	67
k54_ecoli_100X_600m_17	67
k60_ecoli_100X_600m_17	67
k66_ecoli_100X_600m_17	67
k72_ecoli_100X_600m_17	67
k78_ecoli_100X_600m_17	67
k84_ecoli_100X_600m_17	67
k90_ecoli_100X_600m_17	67
k96_ecoli_100X_600m_17	67
k30_ecoli_100X_600m_18	67
k36_ecoli_100X_600m_18	67
k42_ecoli_100X_600m_18	67
k48_ecoli_100X_600m_18	67
k54_ecoli_100X_600m_18	67
k60_ecoli_100X_600m_18	67
k66_ecoli_100X_600m_18	67
k72_ecoli_100X_600m_18	67
k78_ecoli_100X_600m_18	67
k84_ecoli_100X_600m_18	67
k90_ecoli_100X_600m_18	67
k96_ecoli_100X_600m_18	67
k30_ecoli_100X_600m_19	67
k36_ecoli_100X_600m_19	67
k42_ecoli_100X_600m_19	67
k48_ecoli_100X_600m_19	67
k54_ecoli_100X_600m_19	67
k60_ecoli_100X_600m_19	67
k66_ecoli_100X_600m_19	67
k72_ecoli_100X_600m_19	67
k78_ecoli_100X_600m_19	67
k84_ecoli_100X_600m_19	67
k90_ecoli_100X_600m_19	67
k96_ecoli_100X_600m_19	67
k30_ecoli_100X_600m_2	67
k36_ecoli_100X_600m_2	67
k42_ecoli_100X_600m_2	67
k48_ecoli_100X_600m_2	67
k54_ecoli_100X_600m_2	67
k60_ecoli_100X_600m_2	67
k66_ecoli_100X_600m_2	67
k72_ecoli_100X_600m_2	67
k78_ecoli_100X_600m_2	67
k84_ecoli_100X_600m_2	67
k90_ecoli_100X_600m_2	67
k96_ecoli_100X_600m_2	67
k30_ecoli_100X_600m_20	67
k36_ecoli_100X_600m_20	67
k42_ecoli_100X_600m_20	67
k48_ecoli_100X_600m_20	67
k54_ecoli_100X_600m_20	67
k60_ecoli_100X_600m_20	67
k66_ecoli_100X_600m_20	67
k72_ecoli_100X_600m_20	67
k78_ecoli_100X_600m_20	67
k84_ecoli_100X_600m_20	67
k90_ecoli_100X_600m_20	67
k96_ecoli_100X_600m_20	67
k30_ecoli_100X_600m_21	67
k36_ecoli_100X_600m_21	67
k42_ecoli_100X_600m_21	67
k48_ecoli_100X_600m_21	67
k54_ecoli_100X_600m_21	67
k60_ecoli_100X_600m_21	67
k66_ecoli_100X_600m_21	67
k72_ecoli_100X_600m_21	67
k78_ecoli_100X_600m_21	67
k84_ecoli_100X_600m_21	67
k90_ecoli_100X_600m_21	67
k96_ecoli_100X_600m_21	67
k30_ecoli_100X_600m_22	85
k36_ecoli_100X_600m_22	85
k42_ecoli_100X_600m_22	85
k48_ecoli_100X_600m_22	85
k54_ecoli_100X_600m_22	85
k60_ecoli_100X_600m_22	85
k66_ecoli_100X_600m_22	85
k72_ecoli_100X_600m_22	85
k78_ecoli_100X_600m_22	85
k84_ecoli_100X_600m_22	85
k90_ecoli_100X_600m_22	85
k96_ecoli_100X_600m_22	85
k30_ecoli_100X_600m_23	67
k36_ecoli_100X_600m_23	67
k42_ecoli_100X_600m_23	67
k48_ecoli_100X_600m_23	67
k54_ecoli_100X_600m_23	67
k60_ecoli_100X_600m_23	67
k66_ecoli_100X_600m_23	67
k72_ecoli_100X_600m_23	67
k78_ecoli_100X_600m_23	67
k84_ecoli_100X_600m_23	67
k90_ecoli_100X_600m_23	67
k96_ecoli_100X_600m_23	67
k30_ecoli_100X_600m_24	67
k36_ecoli_100X_600m_24	67
k42_ecoli_100X_600m_24	67
k48_ecoli_100X_600m_24	67
k54_ecoli_100X_600m_24	67
k60_ecoli_100X_600m_24	67
k66_ecoli_100X_600m_24	67
k72_ecoli_100X_600m_24	67
k78_ecoli_100X_600m_24	67
k84_ecoli_100X_600m_24	67
k90_ecoli_100X_600m_24	67
k96_ecoli_100X_600m_24	67
k30_ecoli_100X_600m_25	67
k36_ecoli_100X_600m_25	67
k42_ecoli_100X_600m_25	67
k48_ecoli_100X_600m_25	67
k54_ecoli_100X_600m_25	67
k60_ecoli_100X_600m_25	67
k66_ecoli_100X_600m_25	67
k72_ecoli_100X_600m_25	67
k78_ecoli_100X_600m_25	67
k84_ecoli_100X_600m_25	67
k90_ecoli_100X_600m_25	67
k96_ecoli_100X_600m_25	67
k30_ecoli_100X_600m_26	67
k36_ecoli_100X_600m_26	67
k42_ecoli_100X_600m_26	67
k48_ecoli_100X_600m_26	67
k54_ecoli_100X_600m_26	67
k60_ecoli_100X_600m_26	67
k66_ecoli_100X_600m_26	67
k72_ecoli_100X_600m_26	67
k78_ecoli_100X_600m_26	67
k84_ecoli_100X_600m_26	67
k90_ecoli_100X_600m_26	67
k96_ecoli_100X_600m_26	67
k30_ecoli_100X_600m_27	67
k36_ecoli_100X_600m_27	67
k42_ecoli_100X_600m_27	67
k48_ecoli_100X_600m_27	67
k54_ecoli_100X_600m_27	67
k60_ecoli_100X_600m_27	67
k66_ecoli_100X_600m_27	67
k72_ecoli_100X_600m_27	67
k78_ecoli_100X_600m_27	67
k84_ecoli_100X_600m_27	67
k90_ecoli_100X_600m_27	67
k96_ecoli_100X_600m_27	67
k30_ecoli_100X_600m_28	67
k36_ecoli_100X_600m_28	67
k42_ecoli_100X_600m_28	67
k48_ecoli_100X_600m_28	67
k54_ecoli_100X_600m_28	67
k60_ecoli_100X_600m_28	67
k66_ecoli_100X_600m_28	67
k72_ecoli_100X_600m_28	67
k78_ecoli_100X_600m_28	67
k84_ecoli_100X_600m_28	67
k90_ecoli_100X_600m_28	67
k96_ecoli_100X_600m_28	67
k30_ecoli_100X_600m_29	67
k36_ecoli_100X_600m_29	67
k42_ecoli_100X_600m_29	67
k48_ecoli_100X_600m_29	67
k54_ecoli_100X_600m_29	67
k60_ecoli_100X_600m_29	67
k66_ecoli_100X_600m_29	67
k72_ecoli_100X_600m_29	67
k78_ecoli_100X_600m_29	67
k84_ecoli_100X_600m_29	67
k90_ecoli_100X_600m_29	67
k96_ecoli_100X_600m_29	67
k30_ecoli_100X_600m_3	67
k36_ecoli_100X_600m_3	67
k42_ecoli_100X_600m_3	67
k48_ecoli_100X_600m_3	67
k54_ecoli_100X_600m_3	67
k60_ecoli_100X_600m_3	67
k66_ecoli_100X_600m_3	67
k72_ecoli_100X_600m_3	67
k78_ecoli_100X_600m_3	67
k84_ecoli_100X_600m_3	67
k90_ecoli_100X_600m_3	67
k96_ecoli_100X_600m_3	67
k30_ecoli_100X_600m_30	67
k36_ecoli_100X_600m_30	67
k42_ecoli_100X_600m_30	67
k48_ecoli_100X_600m_30	67
k54_ecoli_100X_600m_30	67
k60_ecoli_100X_600m_30	67
k66_ecoli_100X_600m_30	67
k72_ecoli_100X_600m_30	67
k78_ecoli_100X_600m_30	67
k84_ecoli_100X_600m_30	67
k90_ecoli_100X_600m_30	67
k96_ecoli_100X_600m_30	67
k30_ecoli_100X_600m_31	67
k36_ecoli_100X_600m_31	67
k42_ecoli_100X_600m_31	67
k48_ecoli_100X_600m_31	67
k54_ecoli_100X_600m_31	67
k60_ecoli_100X_600m_31	67
k66_ecoli_100X_600m_31	67
k72_ecoli_100X_600m_31	67
k78_ecoli_100X_600m_31	67
k84_ecoli_100X_600m_31	67
k90_ecoli_100X_600m_31	67
k96_ecoli_100X_600m_31	67
k30_ecoli_100X_600m_32	67
k36_ecoli_100X_600m_32	67
k42_ecoli_100X_600m_32	67
k48_ecoli_100X_600m_32	67
k54_ecoli_100X_600m_32	67
k60_ecoli_100X_600m_32	67
k66_ecoli_100X_600m_32	67
k72_ecoli_100X_600m_32	67
k78_ecoli_100X_600m_32	67
k84_ecoli_100X_600m_32	67
k90_ecoli_100X_600m_32	67
k96_ecoli_100X_600m_32	67
k30_ecoli_100X_600m_33	67
k36_ecoli_100X_600m_33	67
k42_ecoli_100X_600m_33	67
k48_ecoli_100X_600m_33	67
k54_ecoli_100X_600m_33	67
k60_ecoli_100X_600m_33	67
k66_ecoli_100X_600m_33	67
k72_ecoli_100X_600m_33	67
k78_ecoli_100X_600m_33	67
k84_ecoli_100X_600m_33	67
k90_ecoli_100X_600m_33	67
k96_ecoli_100X_600m_33	67
k30_ecoli_100X_600m_34	67
k36_ecoli_100X_600m_34	67
k42_ecoli_100X_600m_34	67
k48_ecoli_100X_600m_34	67
k54_ecoli_100X_600m_34	67
k60_ecoli_100X_600m_34	67
k66_ecoli_100X_600m_34	67
k72_ecoli_100X_600m_34	67
k78_ecoli_100X_600m_34	67
k84_ecoli_100X_600m_34	67
k90_ecoli_100X_600m_34	67
k96_ecoli_100X_600m_34	67
k30_ecoli_100X_600m_35	67
k36_ecoli_100X_600m_35	67
k42_ecoli_100X_600m_35	67
k48_ecoli_100X_600m_35	67
k54_ecoli_100X_600m_35	67
k60_ecoli_100X_600m_35	67
k66_ecoli_100X_600m_35	67
k72_ecoli_100X_600m_35	67
k78_ecoli_100X_600m_35	67
k84_ecoli_100X_600m_35	67
k90_ecoli_100X_600m_35	67
k96_ecoli_100X_600m_35	67
k30_ecoli_100X_600m_36	67
k36_ecoli_100X_600m_36	67
k42_ecoli_100X_600m_36	67
k48_ecoli_100X_600m_36	67
k54_ecoli_100X_600m_36	67
k60_ecoli_100X_600m_36	67
k66_ecoli_100X_600m_36	67
k72_ecoli_100X_600m_36	67
k78_ecoli_100X_600m_36	67
k84_ecoli_100X_600m_36	67
k90_ecoli_100X_600m_36	67
k96_ecoli_100X_600m_36	67
k30_ecoli_100X_600m_37	67
k36_ecoli_100X_600m_37	67
k42_ecoli_100X_600m_37	67
k48_ecoli_100X_600m_37	67
k54_ecoli_100X_600m_37	67
k60_ecoli_100X_600m_37	67
k66_ecoli_100X_600m_37	67
k72_ecoli_100X_600m_37	67
k78_ecoli_100X_600m_37	67
k84_ecoli_100X_600m_37	67
k90_ecoli_100X_600m_37	67
k96_ecoli_100X_600m_37	67
k30_ecoli_100X_600m_38	67
k36_ecoli_100X_600m_38	67
k42_ecoli_100X_600m_38	67
k48_ecoli_100X_600m_38	67
k54_ecoli_100X_600m_38	67
k60_ecoli_100X_600m_38	67
k66_ecoli_100X_600m_38	67
k72_ecoli_100X_600m_38	67
k78_ecoli_100X_600m_38	67
k84_ecoli_100X_600m_38	67
k90_ecoli_100X_600m_38	67
k96_ecoli_100X_600m_38	67
k30_ecoli_100X_600m_39	67
k36_ecoli_100X_600m_39	67
k42_ecoli_100X_600m_39	67
k48_ecoli_100X_600m_39	67
k54_ecoli_100X_600m_39	67
k60_ecoli_100X_600m_39	67
k66_ecoli_100X_600m_39	67
k72_ecoli_100X_600m_39	67
k78_ecoli_100X_600m_39	67
k84_ecoli_100X_600m_39	67
k90_ecoli_100X_600m_39	67
k96_ecoli_100X_600m_39	67
k30_ecoli_100X_600m_4	67
k36_ecoli_100X_600m_4	67
k42_ecoli_100X_600m_4	67
k48_ecoli_100X_600m_4	67
k54_ecoli_100X_600m_4	67
k60_ecoli_100X_600m_4	67
k66_ecoli_100X_600m_4	67
k72_ecoli_100X_600m_4	67
k78_ecoli_100X_600m_4	67
k84_ecoli_100X_600m_4	67
k90_ecoli_100X_600m_4	67
k96_ecoli_100X_600m_4	67
k30_ecoli_100X_600m_40	67
k36_ecoli_100X_600m_40	67
k42_ecoli_100X_600m_40	67
k48_ecoli_100X_600m_40	67
k54_ecoli_100X_600m_40	67
k60_ecoli_100X_600m_40	67
k66_ecoli_100X_600m_40	67
k72_ecoli_100X_600m_40	67
k78_ecoli_100X_600m_40	67
k84_ecoli_100X_600m_40	67
k90_ecoli_100X_600m_40	67
k96_ecoli_100X_600m_40	67
k30_ecoli_100X_600m_41	67
k36_ecoli_100X_600m_41	67
k42_ecoli_100X_600m_41	67
k48_ecoli_100X_600m_41	67
k54_ecoli_100X_600m_41	67
k60_ecoli_100X_600m_41	67
k66_ecoli_100X_600m_41	67
k72_ecoli_100X_600m_41	67
k78_ecoli_100X_600m_41	67
k84_ecoli_100X_600m_41	67
k90_ecoli_100X_600m_41	67
k96_ecoli_100X_600m_41	67
k30_ecoli_100X_600m_42	67
k36_ecoli_100X_600m_42	67
k42_ecoli_100X_600m_42	67
k48_ecoli_100X_600m_42	67
k54_ecoli_100X_600m_42	67
k60_ecoli_100X_600m_42	67
k66_ecoli_100X_600m_42	67
k72_ecoli_100X_600m_42	67
k78_ecoli_100X_600m_42	67
k84_ecoli_100X_600m_42	67
k90_ecoli_100X_600m_42	67
k96_ecoli_100X_600m_42	67
k30_ecoli_100X_600m_43	85
k36_ecoli_100X_600m_43	85
k42_ecoli_100X_600m_43	85
k48_ecoli_100X_600m_43	85
k54_ecoli_100X_600m_43	85
k60_ecoli_100X_600m_43	85
k66_ecoli_100X_600m_43	85
k72_ecoli_100X_600m_43	85
k78_ecoli_100X_600m_43	85
k84_ecoli_100X_600m_43	85
k90_ecoli_100X_600m_43	85
k96_ecoli_100X_600m_43	85
k30_ecoli_100X_600m_44	67
k36_ecoli_100X_600m_44	67
k42_ecoli_100X_600m_44	67
k48_ecoli_100X_600m_44	67
k54_ecoli_100X_600m_44	67
k60_ecoli_100X_600m_44	67
k66_ecoli_100X_600m_44	67
k72_ecoli_100X_600m_44	67
k78_ecoli_100X_600m_44	67
k84_ecoli_100X_600m_44	67
k90_ecoli_100X_600m_44	67
k96_ecoli_100X_600m_44	67
k30_ecoli_100X_600m_45	85
k36_ecoli_100X_600m_45	85
k42_ecoli_100X_600m_45	85
k48_ecoli_100X_600m_45	85
k54_ecoli_100X_600m_45	85
k60_ecoli_100X_600m_45	85
k66_ecoli_100X_600m_45	85
k72_ecoli_100X_600m_45	85
k78_ecoli_100X_600m_45	85
k84_ecoli_100X_600m_45	85
k90_ecoli_100X_600m_45	85
k96_ecoli_100X_600m_45	85
k30_ecoli_100X_600m_46	67
k36_ecoli_100X_600m_46	67
k42_ecoli_100X_600m_46	67
k48_ecoli_100X_600m_46	67
k54_ecoli_100X_600m_46	67
k60_ecoli_100X_600m_46	67
k66_ecoli_100X_600m_46	67
k72_ecoli_100X_600m_46	67
k78_ecoli_100X_600m_46	67
k84_ecoli_100X_600m_46	67
k90_ecoli_100X_600m_46	67
k96_ecoli_100X_600m_46	67
k30_ecoli_100X_600m_47	67
k36_ecoli_100X_600m_47	67
k42_ecoli_100X_600m_47	67
k48_ecoli_100X_600m_47	67
k54_ecoli_100X_600m_47	67
k60_ecoli_100X_600m_47	67
k66_ecoli_100X_600m_47	67
k72_ecoli_100X_600m_47	67
k78_ecoli_100X_600m_47	67
k84_ecoli_100X_600m_47	67
k90_ecoli_100X_600m_47	67
k30_ecoli_100X_600m_5	67
k36_ecoli_100X_600m_5	67
k42_ecoli_100X_600m_5	67
k48_ecoli_100X_600m_5	67
k54_ecoli_100X_600m_5	67
k60_ecoli_100X_600m_5	67
k66_ecoli_100X_600m_5	67
k72_ecoli_100X_600m_5	67
k78_ecoli_100X_600m_5	67
k84_ecoli_100X_600m_5	67
k90_ecoli_100X_600m_5	67
k96_ecoli_100X_600m_5	67
k30_ecoli_100X_600m_6	85
k36_ecoli_100X_600m_6	85
k42_ecoli_100X_600m_6	85
k48_ecoli_100X_600m_6	85
k54_ecoli_100X_600m_6	85
k60_ecoli_100X_600m_6	85
k66_ecoli_100X_600m_6	85
k72_ecoli_100X_600m_6	85
k78_ecoli_100X_600m_6	85
k84_ecoli_100X_600m_6	85
k90_ecoli_100X_600m_6	85
k96_ecoli_100X_600m_6	85
k30_ecoli_100X_600m_7	67
k36_ecoli_100X_600m_7	67
k42_ecoli_100X_600m_7	67
k48_ecoli_100X_600m_7	67
k54_ecoli_100X_600m_7	67
k60_ecoli_100X_600m_7	67
k66_ecoli_100X_600m_7	67
k72_ecoli_100X_600m_7	67
k78_ecoli_100X_600m_7	67
k84_ecoli_100X_600m_7	67
k90_ecoli_100X_600m_7	67
k96_ecoli_100X_600m_7	67
k30_ecoli_100X_600m_8	67
k36_ecoli_100X_600m_8	67
k42_ecoli_100X_600m_8	67
k48_ecoli_100X_600m_8	67
k54_ecoli_100X_600m_8	67
k60_ecoli_100X_600m_8	67
k66_ecoli_100X_600m_8	67
k72_ecoli_100X_600m_8	67
k78_ecoli_100X_600m_8	67
k84_ecoli_100X_600m_8	67
k90_ecoli_100X_600m_8	67
k96_ecoli_100X_600m_8	67
k30_ecoli_100X_600m_9	67
k36_ecoli_100X_600m_9	67
k42_ecoli_100X_600m_9	67
k48_ecoli_100X_600m_9	67
k54_ecoli_100X_600m_9	67
k60_ecoli_100X_600m_9	67
k66_ecoli_100X_600m_9	67
k72_ecoli_100X_600m_9	67
k78_ecoli_100X_600m_9	67
k84_ecoli_100X_600m_9	67
k90_ecoli_100X_600m_9	67
k96_ecoli_100X_600m_9	67
k30_ecoli_100X_7	67
k36_ecoli_100X_7	67
k42_ecoli_100X_7	67
k48_ecoli_100X_7	67
k54_ecoli_100X_7	67
k60_ecoli_100X_7	67
k66_ecoli_100X_7	67
k72_ecoli_100X_7	67
k78_ecoli_100X_7	67
k84_ecoli_100X_7	67
k90_ecoli_100X_7	67
k96_ecoli_100X_7	67
k30_ecoli_100X_8	67
k36_ecoli_100X_8	67
k42_ecoli_100X_8	67
k48_ecoli_100X_8	67
k54_ecoli_100X_8	67
k60_ecoli_100X_8	67
k66_ecoli_100X_8	67
k72_ecoli_100X_8	67
k78_ecoli_100X_8	67
k84_ecoli_100X_8	67
k90_ecoli_100X_8	67
k96_ecoli_100X_8	67
k30_ecoli_100X_9	67
k36_ecoli_100X_9	67
k42_ecoli_100X_9	67
k48_ecoli_100X_9	67
k54_ecoli_100X_9	67
k60_ecoli_100X_9	67
k66_ecoli_100X_9	67
k72_ecoli_100X_9	67
k78_ecoli_100X_9	67
k84_ecoli_100X_9	67
k90_ecoli_100X_9	67
k96_ecoli_100X_9	67
k30_ecoli_200X_1	67
k36_ecoli_200X_1	67
k42_ecoli_200X_1	67
k48_ecoli_200X_1	67
k54_ecoli_200X_1	67
k60_ecoli_200X_1	67
k66_ecoli_200X_1	67
k72_ecoli_200X_1	67
k78_ecoli_200X_1	67
k84_ecoli_200X_1	67
k90_ecoli_200X_1	67
k96_ecoli_200X_1	67
k30_ecoli_200X_10	67
k36_ecoli_200X_10	67
k42_ecoli_200X_10	67
k48_ecoli_200X_10	67
k54_ecoli_200X_10	67
k60_ecoli_200X_10	67
k66_ecoli_200X_10	67
k72_ecoli_200X_10	67
k78_ecoli_200X_10	67
k84_ecoli_200X_10	67
k90_ecoli_200X_10	67
k96_ecoli_200X_10	67
k30_ecoli_200X_11	67
k36_ecoli_200X_11	67
k42_ecoli_200X_11	67
k48_ecoli_200X_11	67
k54_ecoli_200X_11	67
k60_ecoli_200X_11	67
k66_ecoli_200X_11	67
k72_ecoli_200X_11	67
k78_ecoli_200X_11	67
k84_ecoli_200X_11	67
k90_ecoli_200X_11	67
k96_ecoli_200X_11	67
k30_ecoli_200X_12	67
k36_ecoli_200X_12	67
k42_ecoli_200X_12	67
k48_ecoli_200X_12	67
k54_ecoli_200X_12	67
k60_ecoli_200X_12	67
k66_ecoli_200X_12	67
k72_ecoli_200X_12	67
k78_ecoli_200X_12	67
k84_ecoli_200X_12	67
k90_ecoli_200X_12	67
k96_ecoli_200X_12	67
k30_ecoli_200X_13	67
k36_ecoli_200X_13	67
k42_ecoli_200X_13	67
k48_ecoli_200X_13	67
k54_ecoli_200X_13	67
k60_ecoli_200X_13	67
k66_ecoli_200X_13	67
k72_ecoli_200X_13	67
k78_ecoli_200X_13	67
k84_ecoli_200X_13	67
k90_ecoli_200X_13	67
k96_ecoli_200X_13	67
k30_ecoli_200X_14	67
k36_ecoli_200X_14	67
k42_ecoli_200X_14	67
k48_ecoli_200X_14	67
k54_ecoli_200X_14	67
k60_ecoli_200X_14	67
k66_ecoli_200X_14	67
k72_ecoli_200X_14	67
k78_ecoli_200X_14	67
k84_ecoli_200X_14	67
k90_ecoli_200X_14	67
k96_ecoli_200X_14	67
k30_ecoli_200X_15	67
k36_ecoli_200X_15	67
k42_ecoli_200X_15	67
k48_ecoli_200X_15	67
k54_ecoli_200X_15	67
k60_ecoli_200X_15	67
k66_ecoli_200X_15	67
k72_ecoli_200X_15	67
k78_ecoli_200X_15	67
k84_ecoli_200X_15	67
k90_ecoli_200X_15	67
k96_ecoli_200X_15	67
k30_ecoli_200X_2	67
k36_ecoli_200X_2	67
k42_ecoli_200X_2	67
k48_ecoli_200X_2	67
k54_ecoli_200X_2	67
k60_ecoli_200X_2	67
k66_ecoli_200X_2	67
k72_ecoli_200X_2	67
k78_ecoli_200X_2	67
k84_ecoli_200X_2	67
k90_ecoli_200X_2	67
k96_ecoli_200X_2	67
k30_ecoli_200X_3	67
k36_ecoli_200X_3	67
k42_ecoli_200X_3	67
k48_ecoli_200X_3	67
k54_ecoli_200X_3	67
k60_ecoli_200X_3	67
k66_ecoli_200X_3	67
k72_ecoli_200X_3	67
k78_ecoli_200X_3	67
k84_ecoli_200X_3	67
k90_ecoli_200X_3	67
k96_ecoli_200X_3	67
k30_ecoli_200X_4	67
k36_ecoli_200X_4	67
k42_ecoli_200X_4	67
k48_ecoli_200X_4	67
k54_ecoli_200X_4	67
k60_ecoli_200X_4	67
k66_ecoli_200X_4	67
k72_ecoli_200X_4	67
k78_ecoli_200X_4	67
k84_ecoli_200X_4	67
k90_ecoli_200X_4	67
k96_ecoli_200X_4	67
k30_ecoli_200X_5	67
k36_ecoli_200X_5	67
k42_ecoli_200X_5	67
k48_ecoli_200X_5	67
k54_ecoli_200X_5	67
k60_ecoli_200X_5	67
k66_ecoli_200X_5	67
k72_ecoli_200X_5	67
k78_ecoli_200X_5	67
k84_ecoli_200X_5	67
k90_ecoli_200X_5	67
k96_ecoli_200X_5	67
k30_ecoli_200X_6	67
k36_ecoli_200X_6	67
k42_ecoli_200X_6	67
k48_ecoli_200X_6	67
k54_ecoli_200X_6	67
k60_ecoli_200X_6	67
k66_ecoli_200X_6	67
k72_ecoli_200X_6	67
k78_ecoli_200X_6	67
k84_ecoli_200X_6	67
k90_ecoli_200X_6	67
k96_ecoli_200X_6	67
k30_ecoli_200X_600m_1	67
k36_ecoli_200X_600m_1	67
k42_ecoli_200X_600m_1	67
k48_ecoli_200X_600m_1	67
k54_ecoli_200X_600m_1	67
k60_ecoli_200X_600m_1	67
k66_ecoli_200X_600m_1	67
k72_ecoli_200X_600m_1	67
k78_ecoli_200X_600m_1	67
k84_ecoli_200X_600m_1	67
k90_ecoli_200X_600m_1	67
k96_ecoli_200X_600m_1	67
k30_ecoli_200X_600m_10	67
k36_ecoli_200X_600m_10	67
k42_ecoli_200X_600m_10	67
k48_ecoli_200X_600m_10	67
k54_ecoli_200X_600m_10	67
k60_ecoli_200X_600m_10	67
k66_ecoli_200X_600m_10	67
k72_ecoli_200X_600m_10	67
k78_ecoli_200X_600m_10	67
k84_ecoli_200X_600m_10	67
k90_ecoli_200X_600m_10	67
k96_ecoli_200X_600m_10	67
k30_ecoli_200X_600m_11	67
k36_ecoli_200X_600m_11	67
k42_ecoli_200X_600m_11	67
k48_ecoli_200X_600m_11	67
k54_ecoli_200X_600m_11	67
k60_ecoli_200X_600m_11	67
k66_ecoli_200X_600m_11	67
k72_ecoli_200X_600m_11	67
k78_ecoli_200X_600m_11	67
k84_ecoli_200X_600m_11	67
k90_ecoli_200X_600m_11	67
k96_ecoli_200X_600m_11	67
k30_ecoli_200X_600m_12	67
k36_ecoli_200X_600m_12	67
k42_ecoli_200X_600m_12	67
k48_ecoli_200X_600m_12	67
k54_ecoli_200X_600m_12	67
k60_ecoli_200X_600m_12	67
k66_ecoli_200X_600m_12	67
k72_ecoli_200X_600m_12	67
k78_ecoli_200X_600m_12	67
k84_ecoli_200X_600m_12	67
k90_ecoli_200X_600m_12	67
k96_ecoli_200X_600m_12	67
k30_ecoli_200X_600m_13	67
k36_ecoli_200X_600m_13	67
k42_ecoli_200X_600m_13	67
k48_ecoli_200X_600m_13	67
k54_ecoli_200X_600m_13	67
k60_ecoli_200X_600m_13	67
k66_ecoli_200X_600m_13	67
k72_ecoli_200X_600m_13	67
k78_ecoli_200X_600m_13	67
k84_ecoli_200X_600m_13	67
k90_ecoli_200X_600m_13	67
k96_ecoli_200X_600m_13	67
k30_ecoli_200X_600m_14	67
k36_ecoli_200X_600m_14	67
k42_ecoli_200X_600m_14	67
k48_ecoli_200X_600m_14	67
k54_ecoli_200X_600m_14	67
k60_ecoli_200X_600m_14	67
k66_ecoli_200X_600m_14	67
k72_ecoli_200X_600m_14	67
k78_ecoli_200X_600m_14	67
k84_ecoli_200X_600m_14	67
k90_ecoli_200X_600m_14	67
k96_ecoli_200X_600m_14	67
k30_ecoli_200X_600m_15	67
k36_ecoli_200X_600m_15	67
k42_ecoli_200X_600m_15	67
k48_ecoli_200X_600m_15	67
k54_ecoli_200X_600m_15	67
k60_ecoli_200X_600m_15	67
k66_ecoli_200X_600m_15	67
k72_ecoli_200X_600m_15	67
k78_ecoli_200X_600m_15	67
k84_ecoli_200X_600m_15	67
k90_ecoli_200X_600m_15	67
k96_ecoli_200X_600m_15	67
k30_ecoli_200X_600m_16	67
k36_ecoli_200X_600m_16	67
k42_ecoli_200X_600m_16	67
k48_ecoli_200X_600m_16	67
k54_ecoli_200X_600m_16	67
k60_ecoli_200X_600m_16	67
k66_ecoli_200X_600m_16	67
k72_ecoli_200X_600m_16	67
k78_ecoli_200X_600m_16	67
k84_ecoli_200X_600m_16	67
k90_ecoli_200X_600m_16	67
k96_ecoli_200X_600m_16	67
k30_ecoli_200X_600m_17	67
k36_ecoli_200X_600m_17	67
k42_ecoli_200X_600m_17	67
k48_ecoli_200X_600m_17	67
k54_ecoli_200X_600m_17	67
k60_ecoli_200X_600m_17	67
k66_ecoli_200X_600m_17	67
k72_ecoli_200X_600m_17	67
k78_ecoli_200X_600m_17	67
k84_ecoli_200X_600m_17	67
k90_ecoli_200X_600m_17	67
k96_ecoli_200X_600m_17	67
k30_ecoli_200X_600m_18	67
k36_ecoli_200X_600m_18	67
k42_ecoli_200X_600m_18	67
k48_ecoli_200X_600m_18	67
k54_ecoli_200X_600m_18	67
k60_ecoli_200X_600m_18	67
k66_ecoli_200X_600m_18	67
k72_ecoli_200X_600m_18	67
k78_ecoli_200X_600m_18	67
k84_ecoli_200X_600m_18	67
k90_ecoli_200X_600m_18	67
k96_ecoli_200X_600m_18	67
k30_ecoli_200X_600m_19	67
k36_ecoli_200X_600m_19	67
k42_ecoli_200X_600m_19	67
k48_ecoli_200X_600m_19	67
k54_ecoli_200X_600m_19	67
k60_ecoli_200X_600m_19	67
k66_ecoli_200X_600m_19	67
k72_ecoli_200X_600m_19	67
k78_ecoli_200X_600m_19	67
k84_ecoli_200X_600m_19	67
k90_ecoli_200X_600m_19	67
k96_ecoli_200X_600m_19	67
k30_ecoli_200X_600m_2	67
k36_ecoli_200X_600m_2	67
k42_ecoli_200X_600m_2	67
k48_ecoli_200X_600m_2	67
k54_ecoli_200X_600m_2	67
k60_ecoli_200X_600m_2	67
k66_ecoli_200X_600m_2	67
k72_ecoli_200X_600m_2	67
k78_ecoli_200X_600m_2	67
k84_ecoli_200X_600m_2	67
k90_ecoli_200X_600m_2	67
k96_ecoli_200X_600m_2	67
k30_ecoli_200X_600m_20	67
k36_ecoli_200X_600m_20	67
k42_ecoli_200X_600m_20	67
k48_ecoli_200X_600m_20	67
k54_ecoli_200X_600m_20	67
k60_ecoli_200X_600m_20	67
k66_ecoli_200X_600m_20	67
k72_ecoli_200X_600m_20	67
k78_ecoli_200X_600m_20	67
k84_ecoli_200X_600m_20	67
k90_ecoli_200X_600m_20	67
k96_ecoli_200X_600m_20	67
k30_ecoli_200X_600m_21	67
k36_ecoli_200X_600m_21	67
k42_ecoli_200X_600m_21	67
k48_ecoli_200X_600m_21	67
k54_ecoli_200X_600m_21	67
k60_ecoli_200X_600m_21	67
k66_ecoli_200X_600m_21	67
k72_ecoli_200X_600m_21	67
k78_ecoli_200X_600m_21	67
k84_ecoli_200X_600m_21	67
k90_ecoli_200X_600m_21	67
k96_ecoli_200X_600m_21	67
k30_ecoli_200X_600m_22	67
k36_ecoli_200X_600m_22	67
k42_ecoli_200X_600m_22	67
k48_ecoli_200X_600m_22	67
k54_ecoli_200X_600m_22	67
k60_ecoli_200X_600m_22	67
k66_ecoli_200X_600m_22	67
k72_ecoli_200X_600m_22	67
k78_ecoli_200X_600m_22	67
k84_ecoli_200X_600m_22	67
k90_ecoli_200X_600m_22	67
k96_ecoli_200X_600m_22	67
k30_ecoli_200X_600m_23	67
k36_ecoli_200X_600m_23	67
k42_ecoli_200X_600m_23	67
k48_ecoli_200X_600m_23	67
k54_ecoli_200X_600m_23	67
k60_ecoli_200X_600m_23	67
k66_ecoli_200X_600m_23	67
k72_ecoli_200X_600m_23	67
k78_ecoli_200X_600m_23	67
k84_ecoli_200X_600m_23	67
k90_ecoli_200X_600m_23	67
k96_ecoli_200X_600m_23	67
k30_ecoli_200X_600m_24	67
k36_ecoli_200X_600m_24	67
k42_ecoli_200X_600m_24	67
k48_ecoli_200X_600m_24	67
k54_ecoli_200X_600m_24	67
k60_ecoli_200X_600m_24	67
k66_ecoli_200X_600m_24	67
k72_ecoli_200X_600m_24	67
k78_ecoli_200X_600m_24	67
k84_ecoli_200X_600m_24	67
k90_ecoli_200X_600m_24	67
k96_ecoli_200X_600m_24	67
k30_ecoli_200X_600m_25	67
k36_ecoli_200X_600m_25	67
k42_ecoli_200X_600m_25	67
k48_ecoli_200X_600m_25	67
k54_ecoli_200X_600m_25	67
k60_ecoli_200X_600m_25	67
k66_ecoli_200X_600m_25	67
k72_ecoli_200X_600m_25	67
k78_ecoli_200X_600m_25	67
k84_ecoli_200X_600m_25	67
k90_ecoli_200X_600m_25	67
k96_ecoli_200X_600m_25	67
k30_ecoli_200X_600m_26	67
k36_ecoli_200X_600m_26	67
k42_ecoli_200X_600m_26	67
k48_ecoli_200X_600m_26	67
k54_ecoli_200X_600m_26	67
k60_ecoli_200X_600m_26	67
k66_ecoli_200X_600m_26	67
k72_ecoli_200X_600m_26	67
k78_ecoli_200X_600m_26	67
k84_ecoli_200X_600m_26	67
k90_ecoli_200X_600m_26	67
k96_ecoli_200X_600m_26	67
k30_ecoli_200X_600m_27	67
k36_ecoli_200X_600m_27	67
k42_ecoli_200X_600m_27	67
k48_ecoli_200X_600m_27	67
k54_ecoli_200X_600m_27	67
k60_ecoli_200X_600m_27	67
k66_ecoli_200X_600m_27	67
k72_ecoli_200X_600m_27	67
k78_ecoli_200X_600m_27	67
k84_ecoli_200X_600m_27	67
k90_ecoli_200X_600m_27	67
k96_ecoli_200X_600m_27	67
k30_ecoli_200X_600m_28	67
k36_ecoli_200X_600m_28	67
k42_ecoli_200X_600m_28	67
k48_ecoli_200X_600m_28	67
k54_ecoli_200X_600m_28	67
k60_ecoli_200X_600m_28	67
k66_ecoli_200X_600m_28	67
k72_ecoli_200X_600m_28	67
k78_ecoli_200X_600m_28	67
k84_ecoli_200X_600m_28	67
k90_ecoli_200X_600m_28	67
k96_ecoli_200X_600m_28	67
k30_ecoli_200X_600m_29	67
k36_ecoli_200X_600m_29	67
k42_ecoli_200X_600m_29	67
k48_ecoli_200X_600m_29	67
k54_ecoli_200X_600m_29	67
k60_ecoli_200X_600m_29	67
k66_ecoli_200X_600m_29	67
k72_ecoli_200X_600m_29	67
k78_ecoli_200X_600m_29	67
k84_ecoli_200X_600m_29	67
k90_ecoli_200X_600m_29	67
k96_ecoli_200X_600m_29	67
k30_ecoli_200X_600m_3	67
k36_ecoli_200X_600m_3	67
k42_ecoli_200X_600m_3	67
k48_ecoli_200X_600m_3	67
k54_ecoli_200X_600m_3	67
k60_ecoli_200X_600m_3	67
k66_ecoli_200X_600m_3	67
k72_ecoli_200X_600m_3	67
k78_ecoli_200X_600m_3	67
k84_ecoli_200X_600m_3	67
k90_ecoli_200X_600m_3	67
k96_ecoli_200X_600m_3	67
k30_ecoli_200X_600m_30	67
k36_ecoli_200X_600m_30	67
k42_ecoli_200X_600m_30	67
k48_ecoli_200X_600m_30	67
k54_ecoli_200X_600m_30	67
k60_ecoli_200X_600m_30	67
k66_ecoli_200X_600m_30	67
k72_ecoli_200X_600m_30	67
k78_ecoli_200X_600m_30	67
k84_ecoli_200X_600m_30	67
k90_ecoli_200X_600m_30	67
k96_ecoli_200X_600m_30	67
k30_ecoli_200X_600m_31	67
k36_ecoli_200X_600m_31	67
k42_ecoli_200X_600m_31	67
k48_ecoli_200X_600m_31	67
k54_ecoli_200X_600m_31	67
k60_ecoli_200X_600m_31	67
k66_ecoli_200X_600m_31	67
k72_ecoli_200X_600m_31	67
k78_ecoli_200X_600m_31	67
k84_ecoli_200X_600m_31	67
k90_ecoli_200X_600m_31	67
k96_ecoli_200X_600m_31	67
k30_ecoli_200X_600m_32	67
k36_ecoli_200X_600m_32	67
k30_ecoli_200X_600m_4	67
k36_ecoli_200X_600m_4	67
k42_ecoli_200X_600m_4	67
k48_ecoli_200X_600m_4	67
k54_ecoli_200X_600m_4	67
k60_ecoli_200X_600m_4	67
k66_ecoli_200X_600m_4	67
k72_ecoli_200X_600m_4	67
k78_ecoli_200X_600m_4	67
k84_ecoli_200X_600m_4	67
k90_ecoli_200X_600m_4	67
k96_ecoli_200X_600m_4	67
k30_ecoli_200X_600m_5	67
k36_ecoli_200X_600m_5	67
k42_ecoli_200X_600m_5	67
k48_ecoli_200X_600m_5	67
k54_ecoli_200X_600m_5	67
k60_ecoli_200X_600m_5	67
k66_ecoli_200X_600m_5	67
k72_ecoli_200X_600m_5	67
k78_ecoli_200X_600m_5	67
k84_ecoli_200X_600m_5	67
k90_ecoli_200X_600m_5	67
k96_ecoli_200X_600m_5	67
k30_ecoli_200X_600m_6	67
k36_ecoli_200X_600m_6	67
k42_ecoli_200X_600m_6	67
k48_ecoli_200X_600m_6	67
k54_ecoli_200X_600m_6	67
k60_ecoli_200X_600m_6	67
k66_ecoli_200X_600m_6	67
k72_ecoli_200X_600m_6	67
k78_ecoli_200X_600m_6	67
k84_ecoli_200X_600m_6	67
k90_ecoli_200X_600m_6	67
k96_ecoli_200X_600m_6	67
k30_ecoli_200X_600m_7	67
k36_ecoli_200X_600m_7	67
k42_ecoli_200X_600m_7	67
k48_ecoli_200X_600m_7	67
k54_ecoli_200X_600m_7	67
k60_ecoli_200X_600m_7	67
k66_ecoli_200X_600m_7	67
k72_ecoli_200X_600m_7	67
k78_ecoli_200X_600m_7	67
k84_ecoli_200X_600m_7	67
k90_ecoli_200X_600m_7	67
k96_ecoli_200X_600m_7	67
k30_ecoli_200X_600m_8	67
k36_ecoli_200X_600m_8	67
k42_ecoli_200X_600m_8	67
k48_ecoli_200X_600m_8	67
k54_ecoli_200X_600m_8	67
k60_ecoli_200X_600m_8	67
k66_ecoli_200X_600m_8	67
k72_ecoli_200X_600m_8	67
k78_ecoli_200X_600m_8	67
k84_ecoli_200X_600m_8	67
k90_ecoli_200X_600m_8	67
k96_ecoli_200X_600m_8	67
k30_ecoli_200X_600m_9	67
k36_ecoli_200X_600m_9	67
k42_ecoli_200X_600m_9	67
k48_ecoli_200X_600m_9	67
k54_ecoli_200X_600m_9	67
k60_ecoli_200X_600m_9	67
k66_ecoli_200X_600m_9	67
k72_ecoli_200X_600m_9	67
k78_ecoli_200X_600m_9	67
k84_ecoli_200X_600m_9	67
k90_ecoli_200X_600m_9	67
k96_ecoli_200X_600m_9	67
k30_ecoli_200X_7	67
k36_ecoli_200X_7	67
k42_ecoli_200X_7	67
k48_ecoli_200X_7	67
k54_ecoli_200X_7	67
k60_ecoli_200X_7	67
k66_ecoli_200X_7	67
k72_ecoli_200X_7	67
k78_ecoli_200X_7	67
k84_ecoli_200X_7	67
k90_ecoli_200X_7	67
k96_ecoli_200X_7	67
k30_ecoli_200X_8	67
k36_ecoli_200X_8	67
k42_ecoli_200X_8	67
k48_ecoli_200X_8	67
k54_ecoli_200X_8	67
k60_ecoli_200X_8	67
k66_ecoli_200X_8	67
k72_ecoli_200X_8	67
k78_ecoli_200X_8	67
k84_ecoli_200X_8	67
k90_ecoli_200X_8	67
k96_ecoli_200X_8	67
k30_ecoli_200X_9	67
k36_ecoli_200X_9	67
k42_ecoli_200X_9	67
k48_ecoli_200X_9	67
k54_ecoli_200X_9	67
k60_ecoli_200X_9	67
k66_ecoli_200X_9	67
k72_ecoli_200X_9	67
k78_ecoli_200X_9	67
k84_ecoli_200X_9	67
k90_ecoli_200X_9	67
k96_ecoli_200X_9	67
k30_ecoli_20X_1	67
k36_ecoli_20X_1	67
k42_ecoli_20X_1	67
k48_ecoli_20X_1	67
k54_ecoli_20X_1	67
k60_ecoli_20X_1	67
k66_ecoli_20X_1	67
k72_ecoli_20X_1	67
k78_ecoli_20X_1	67
k84_ecoli_20X_1	67
k90_ecoli_20X_1	67
k96_ecoli_20X_1	67
k30_ecoli_20X_10	49
k36_ecoli_20X_10	49
k42_ecoli_20X_10	49
k48_ecoli_20X_10	49
k54_ecoli_20X_10	49
k60_ecoli_20X_10	49
k66_ecoli_20X_10	49
k72_ecoli_20X_10	49
k78_ecoli_20X_10	49
k84_ecoli_20X_10	49
k90_ecoli_20X_10	49
k96_ecoli_20X_10	49
k30_ecoli_20X_11	37
k36_ecoli_20X_11	37
k42_ecoli_20X_11	37
k48_ecoli_20X_11	37
k54_ecoli_20X_11	37
k60_ecoli_20X_11	37
k66_ecoli_20X_11	37
k72_ecoli_20X_11	37
k78_ecoli_20X_11	37
k84_ecoli_20X_11	37
k90_ecoli_20X_11	37
k96_ecoli_20X_11	37
k30_ecoli_20X_12	37
k36_ecoli_20X_12	37
k42_ecoli_20X_12	37
k48_ecoli_20X_12	37
k54_ecoli_20X_12	37
k60_ecoli_20X_12	37
k66_ecoli_20X_12	37
k72_ecoli_20X_12	37
k78_ecoli_20X_12	37
k84_ecoli_20X_12	37
k90_ecoli_20X_12	37
k96_ecoli_20X_12	37
k30_ecoli_20X_13	37
k36_ecoli_20X_13	37
k42_ecoli_20X_13	37
k48_ecoli_20X_13	37
k54_ecoli_20X_13	37
k60_ecoli_20X_13	37
k66_ecoli_20X_13	37
k72_ecoli_20X_13	37
k78_ecoli_20X_13	37
k84_ecoli_20X_13	37
k90_ecoli_20X_13	37
k96_ecoli_20X_13	37
k30_ecoli_20X_14	37
k36_ecoli_20X_14	37
k42_ecoli_20X_14	37
k48_ecoli_20X_14	37
k54_ecoli_20X_14	37
k60_ecoli_20X_14	37
k66_ecoli_20X_14	37
k72_ecoli_20X_14	37
k78_ecoli_20X_14	37
k84_ecoli_20X_14	37
k90_ecoli_20X_14	37
k96_ecoli_20X_14	37
k30_ecoli_20X_15	37
k36_ecoli_20X_15	37
k42_ecoli_20X_15	37
k48_ecoli_20X_15	37
k54_ecoli_20X_15	37
k60_ecoli_20X_15	37
k66_ecoli_20X_15	37
k72_ecoli_20X_15	37
k78_ecoli_20X_15	37
k84_ecoli_20X_15	37
k90_ecoli_20X_15	37
k96_ecoli_20X_15	37
k30_ecoli_20X_2	49
k36_ecoli_20X_2	49
k42_ecoli_20X_2	49
k48_ecoli_20X_2	49
k54_ecoli_20X_2	49
k60_ecoli_20X_2	49
k66_ecoli_20X_2	49
k72_ecoli_20X_2	49
k78_ecoli_20X_2	49
k84_ecoli_20X_2	49
k90_ecoli_20X_2	49
k96_ecoli_20X_2	49
k30_ecoli_20X_3	37
k36_ecoli_20X_3	37
k42_ecoli_20X_3	37
k48_ecoli_20X_3	37
k54_ecoli_20X_3	37
k60_ecoli_20X_3	37
k66_ecoli_20X_3	37
k72_ecoli_20X_3	37
k78_ecoli_20X_3	37
k84_ecoli_20X_3	37
k90_ecoli_20X_3	37
k96_ecoli_20X_3	37
k30_ecoli_20X_4	67
k36_ecoli_20X_4	67
k42_ecoli_20X_4	67
k48_ecoli_20X_4	67
k54_ecoli_20X_4	67
k60_ecoli_20X_4	67
k66_ecoli_20X_4	67
k72_ecoli_20X_4	67
k78_ecoli_20X_4	67
k84_ecoli_20X_4	67
k90_ecoli_20X_4	67
k96_ecoli_20X_4	67
k30_ecoli_20X_5	43
k36_ecoli_20X_5	43
k42_ecoli_20X_5	43
k48_ecoli_20X_5	43
k54_ecoli_20X_5	43
k60_ecoli_20X_5	43
k66_ecoli_20X_5	43
k72_ecoli_20X_5	43
k78_ecoli_20X_5	43
k84_ecoli_20X_5	43
k90_ecoli_20X_5	43
k96_ecoli_20X_5	43
k30_ecoli_20X_6	37
k36_ecoli_20X_6	37
k42_ecoli_20X_6	37
k48_ecoli_20X_6	37
k54_ecoli_20X_6	37
k60_ecoli_20X_6	37
k66_ecoli_20X_6	37
k72_ecoli_20X_6	37
k78_ecoli_20X_6	37
k84_ecoli_20X_6	37
k90_ecoli_20X_6	37
k96_ecoli_20X_6	37
k30_ecoli_20X_600m_1	47
k36_ecoli_20X_600m_1	47
k42_ecoli_20X_600m_1	47
k48_ecoli_20X_600m_1	47
k54_ecoli_20X_600m_1	47
k60_ecoli_20X_600m_1	47
k66_ecoli_20X_600m_1	47
k72_ecoli_20X_600m_1	47
k78_ecoli_20X_600m_1	47
k84_ecoli_20X_600m_1	47
k90_ecoli_20X_600m_1	47
k96_ecoli_20X_600m_1	47
k30_ecoli_20X_600m_10	67
k36_ecoli_20X_600m_10	67
k42_ecoli_20X_600m_10	67
k48_ecoli_20X_600m_10	67
k54_ecoli_20X_600m_10	67
k60_ecoli_20X_600m_10	67
k66_ecoli_20X_600m_10	67
k72_ecoli_20X_600m_10	67
k78_ecoli_20X_600m_10	67
k84_ecoli_20X_600m_10	67
k90_ecoli_20X_600m_10	67
k96_ecoli_20X_600m_10	67
k30_ecoli_20X_600m_11	37
k36_ecoli_20X_600m_11	37
k42_ecoli_20X_600m_11	37
k48_ecoli_20X_600m_11	37
k54_ecoli_20X_600m_11	37
k60_ecoli_20X_600m_11	37
k66_ecoli_20X_600m_11	37
k72_ecoli_20X_600m_11	37
k78_ecoli_20X_600m_11	37
k84_ecoli_20X_600m_11	37
k90_ecoli_20X_600m_11	37
k96_ecoli_20X_600m_11	37
k30_ecoli_20X_600m_12	37
k36_ecoli_20X_600m_12	37
k42_ecoli_20X_600m_12	37
k48_ecoli_20X_600m_12	37
k54_ecoli_20X_600m_12	37
k60_ecoli_20X_600m_12	37
k66_ecoli_20X_600m_12	37
k72_ecoli_20X_600m_12	37
k78_ecoli_20X_600m_12	37
k84_ecoli_20X_600m_12	37
k90_ecoli_20X_600m_12	37
k96_ecoli_20X_600m_12	37
k30_ecoli_20X_600m_13	37
k36_ecoli_20X_600m_13	37
k42_ecoli_20X_600m_13	37
k48_ecoli_20X_600m_13	37
k54_ecoli_20X_600m_13	37
k60_ecoli_20X_600m_13	37
k66_ecoli_20X_600m_13	37
k72_ecoli_20X_600m_13	37
k78_ecoli_20X_600m_13	37
k84_ecoli_20X_600m_13	37
k90_ecoli_20X_600m_13	37
k96_ecoli_20X_600m_13	37
k30_ecoli_20X_600m_14	37
k36_ecoli_20X_600m_14	37
k42_ecoli_20X_600m_14	37
k48_ecoli_20X_600m_14	37
k54_ecoli_20X_600m_14	37
k60_ecoli_20X_600m_14	37
k66_ecoli_20X_600m_14	37
k72_ecoli_20X_600m_14	37
k78_ecoli_20X_600m_14	37
k84_ecoli_20X_600m_14	37
k90_ecoli_20X_600m_14	37
k96_ecoli_20X_600m_14	37
k30_ecoli_20X_600m_15	37
k36_ecoli_20X_600m_15	37
k42_ecoli_20X_600m_15	37
k48_ecoli_20X_600m_15	37
k54_ecoli_20X_600m_15	37
k60_ecoli_20X_600m_15	37
k66_ecoli_20X_600m_15	37
k72_ecoli_20X_600m_15	37
k78_ecoli_20X_600m_15	37
k84_ecoli_20X_600m_15	37
k90_ecoli_20X_600m_15	37
k96_ecoli_20X_600m_15	37
k30_ecoli_20X_600m_16	67
k36_ecoli_20X_600m_16	67
k42_ecoli_20X_600m_16	67
k48_ecoli_20X_600m_16	67
k54_ecoli_20X_600m_16	67
k60_ecoli_20X_600m_16	67
k66_ecoli_20X_600m_16	67
k72_ecoli_20X_600m_16	67
k78_ecoli_20X_600m_16	67
k84_ecoli_20X_600m_16	67
k90_ecoli_20X_600m_16	67
k96_ecoli_20X_600m_16	67
k30_ecoli_20X_600m_17	37
k36_ecoli_20X_600m_17	37
k42_ecoli_20X_600m_17	37
k48_ecoli_20X_600m_17	37
k54_ecoli_20X_600m_17	37
k60_ecoli_20X_600m_17	37
k66_ecoli_20X_600m_17	37
k72_ecoli_20X_600m_17	37
k78_ecoli_20X_600m_17	37
k84_ecoli_20X_600m_17	37
k90_ecoli_20X_600m_17	37
k96_ecoli_20X_600m_17	37
k30_ecoli_20X_600m_18	67
k36_ecoli_20X_600m_18	67
k42_ecoli_20X_600m_18	67
k48_ecoli_20X_600m_18	67
k54_ecoli_20X_600m_18	67
k60_ecoli_20X_600m_18	67
k66_ecoli_20X_600m_18	67
k72_ecoli_20X_600m_18	67
k78_ecoli_20X_600m_18	67
k84_ecoli_20X_600m_18	67
k90_ecoli_20X_600m_18	67
k96_ecoli_20X_600m_18	67
k30_ecoli_20X_600m_19	37
k36_ecoli_20X_600m_19	37
k42_ecoli_20X_600m_19	37
k48_ecoli_20X_600m_19	37
k54_ecoli_20X_600m_19	37
k60_ecoli_20X_600m_19	37
k66_ecoli_20X_600m_19	37
k72_ecoli_20X_600m_19	37
k78_ecoli_20X_600m_19	37
k84_ecoli_20X_600m_19	37
k90_ecoli_20X_600m_19	37
k96_ecoli_20X_600m_19	37
k30_ecoli_20X_600m_2	37
k36_ecoli_20X_600m_2	37
k42_ecoli_20X_600m_2	37
k48_ecoli_20X_600m_2	37
k54_ecoli_20X_600m_2	37
k60_ecoli_20X_600m_2	37
k66_ecoli_20X_600m_2	37
k72_ecoli_20X_600m_2	37
k78_ecoli_20X_600m_2	37
k84_ecoli_20X_600m_2	37
k90_ecoli_20X_600m_2	37
k96_ecoli_20X_600m_2	37
k30_ecoli_20X_600m_20	37
k36_ecoli_20X_600m_20	37
k42_ecoli_20X_600m_20	37
k48_ecoli_20X_600m_20	37
k54_ecoli_20X_600m_20	37
k60_ecoli_20X_600m_20	37
k66_ecoli_20X_600m_20	37
k72_ecoli_20X_600m_20	37
k78_ecoli_20X_600m_20	37
k84_ecoli_20X_600m_20	37
k90_ecoli_20X_600m_20	37
k96_ecoli_20X_600m_20	37
k30_ecoli_20X_600m_21	37
k36_ecoli_20X_600m_21	37
k42_ecoli_20X_600m_21	37
k48_ecoli_20X_600m_21	37
k54_ecoli_20X_600m_21	37
k60_ecoli_20X_600m_21	37
k66_ecoli_20X_600m_21	37
k72_ecoli_20X_600m_21	37
k78_ecoli_20X_600m_21	37
k84_ecoli_20X_600m_21	37
k90_ecoli_20X_600m_21	37
k96_ecoli_20X_600m_21	37
k30_ecoli_20X_600m_22	37
k36_ecoli_20X_600m_22	37
k42_ecoli_20X_600m_22	37
k48_ecoli_20X_600m_22	37
k54_ecoli_20X_600m_22	37
k60_ecoli_20X_600m_22	37
k66_ecoli_20X_600m_22	37
k72_ecoli_20X_600m_22	37
k78_ecoli_20X_600m_22	37
k84_ecoli_20X_600m_22	37
k90_ecoli_20X_600m_22	37
k96_ecoli_20X_600m_22	37
k30_ecoli_20X_600m_23	37
k36_ecoli_20X_600m_23	37
k42_ecoli_20X_600m_23	37
k48_ecoli_20X_600m_23	37
k54_ecoli_20X_600m_23	37
k60_ecoli_20X_600m_23	37
k66_ecoli_20X_600m_23	37
k72_ecoli_20X_600m_23	37
k78_ecoli_20X_600m_23	37
k84_ecoli_20X_600m_23	37
k90_ecoli_20X_600m_23	37
k96_ecoli_20X_600m_23	37
k30_ecoli_20X_600m_24	41
k36_ecoli_20X_600m_24	41
k42_ecoli_20X_600m_24	41
k48_ecoli_20X_600m_24	41
k54_ecoli_20X_600m_24	41
k60_ecoli_20X_600m_24	41
k66_ecoli_20X_600m_24	41
k72_ecoli_20X_600m_24	41
k78_ecoli_20X_600m_24	41
k84_ecoli_20X_600m_24	41
k90_ecoli_20X_600m_24	41
k96_ecoli_20X_600m_24	41
k30_ecoli_20X_600m_25	67
k36_ecoli_20X_600m_25	67
k42_ecoli_20X_600m_25	67
k48_ecoli_20X_600m_25	67
k54_ecoli_20X_600m_25	67
k60_ecoli_20X_600m_25	67
k66_ecoli_20X_600m_25	67
k72_ecoli_20X_600m_25	67
k78_ecoli_20X_600m_25	67
k84_ecoli_20X_600m_25	67
k90_ecoli_20X_600m_25	67
k96_ecoli_20X_600m_25	67
k30_ecoli_20X_600m_26	37
k36_ecoli_20X_600m_26	37
k42_ecoli_20X_600m_26	37
k48_ecoli_20X_600m_26	37
k54_ecoli_20X_600m_26	37
k60_ecoli_20X_600m_26	37
k66_ecoli_20X_600m_26	37
k72_ecoli_20X_600m_26	37
k78_ecoli_20X_600m_26	37
k84_ecoli_20X_600m_26	37
k90_ecoli_20X_600m_26	37
k96_ecoli_20X_600m_26	37
k30_ecoli_20X_600m_27	37
k36_ecoli_20X_600m_27	37
k42_ecoli_20X_600m_27	37
k48_ecoli_20X_600m_27	37
k54_ecoli_20X_600m_27	37
k60_ecoli_20X_600m_27	37
k66_ecoli_20X_600m_27	37
k72_ecoli_20X_600m_27	37
k78_ecoli_20X_600m_27	37
k84_ecoli_20X_600m_27	37
k90_ecoli_20X_600m_27	37
k96_ecoli_20X_600m_27	37
k30_ecoli_20X_600m_28	37
k36_ecoli_20X_600m_28	37
k42_ecoli_20X_600m_28	37
k48_ecoli_20X_600m_28	37
k54_ecoli_20X_600m_28	37
k60_ecoli_20X_600m_28	37
k66_ecoli_20X_600m_28	37
k72_ecoli_20X_600m_28	37
k78_ecoli_20X_600m_28	37
k84_ecoli_20X_600m_28	37
k90_ecoli_20X_600m_28	37
k96_ecoli_20X_600m_28	37
k30_ecoli_20X_600m_29	37
k36_ecoli_20X_600m_29	37
k42_ecoli_20X_600m_29	37
k48_ecoli_20X_600m_29	37
k54_ecoli_20X_600m_29	37
k60_ecoli_20X_600m_29	37
k66_ecoli_20X_600m_29	37
k72_ecoli_20X_600m_29	37
k78_ecoli_20X_600m_29	37
k84_ecoli_20X_600m_29	37
k90_ecoli_20X_600m_29	37
k96_ecoli_20X_600m_29	37
k30_ecoli_20X_600m_3	47
k36_ecoli_20X_600m_3	47
k42_ecoli_20X_600m_3	47
k48_ecoli_20X_600m_3	47
k54_ecoli_20X_600m_3	47
k60_ecoli_20X_600m_3	47
k66_ecoli_20X_600m_3	47
k72_ecoli_20X_600m_3	47
k78_ecoli_20X_600m_3	47
k84_ecoli_20X_600m_3	47
k90_ecoli_20X_600m_3	47
k96_ecoli_20X_600m_3	47
k30_ecoli_20X_600m_30	37
k36_ecoli_20X_600m_30	37
k42_ecoli_20X_600m_30	37
k48_ecoli_20X_600m_30	37
k54_ecoli_20X_600m_30	37
k60_ecoli_20X_600m_30	37
k66_ecoli_20X_600m_30	37
k72_ecoli_20X_600m_30	37
k78_ecoli_20X_600m_30	37
k84_ecoli_20X_600m_30	37
k90_ecoli_20X_600m_30	37
k96_ecoli_20X_600m_30	37
k30_ecoli_20X_600m_31	37
k36_ecoli_20X_600m_31	37
k42_ecoli_20X_600m_31	37
k48_ecoli_20X_600m_31	37
k54_ecoli_20X_600m_31	37
k60_ecoli_20X_600m_31	37
k66_ecoli_20X_600m_31	37
k72_ecoli_20X_600m_31	37
k78_ecoli_20X_600m_31	37
k84_ecoli_20X_600m_31	37
k90_ecoli_20X_600m_31	37
k96_ecoli_20X_600m_31	37
k30_ecoli_20X_600m_32	37
k36_ecoli_20X_600m_32	37
k42_ecoli_20X_600m_32	37
k48_ecoli_20X_600m_32	37
k54_ecoli_20X_600m_32	37
k60_ecoli_20X_600m_32	37
k66_ecoli_20X_600m_32	37
k72_ecoli_20X_600m_32	37
k78_ecoli_20X_600m_32	37
k84_ecoli_20X_600m_32	37
k90_ecoli_20X_600m_32	37
k96_ecoli_20X_600m_32	37
k30_ecoli_20X_600m_33	37
k36_ecoli_20X_600m_33	37
k42_ecoli_20X_600m_33	37
k48_ecoli_20X_600m_33	37
k54_ecoli_20X_600m_33	37
k60_ecoli_20X_600m_33	37
k66_ecoli_20X_600m_33	37
k72_ecoli_20X_600m_33	37
k78_ecoli_20X_600m_33	37
k84_ecoli_20X_600m_33	37
k90_ecoli_20X_600m_33	37
k96_ecoli_20X_600m_33	37
k30_ecoli_20X_600m_34	47
k36_ecoli_20X_600m_34	47
k42_ecoli_20X_600m_34	47
k48_ecoli_20X_600m_34	47
k54_ecoli_20X_600m_34	47
k60_ecoli_20X_600m_34	47
k66_ecoli_20X_600m_34	47
k72_ecoli_20X_600m_34	47
k78_ecoli_20X_600m_34	47
k84_ecoli_20X_600m_34	47
k90_ecoli_20X_600m_34	47
k96_ecoli_20X_600m_34	47
k30_ecoli_20X_600m_35	51
k36_ecoli_20X_600m_35	51
k42_ecoli_20X_600m_35	51
k48_ecoli_20X_600m_35	51
k54_ecoli_20X_600m_35	51
k60_ecoli_20X_600m_35	51
k66_ecoli_20X_600m_35	51
k72_ecoli_20X_600m_35	51
k78_ecoli_20X_600m_35	51
k84_ecoli_20X_600m_35	51
k90_ecoli_20X_600m_35	51
k96_ecoli_20X_600m_35	51
k30_ecoli_20X_600m_36	37
k36_ecoli_20X_600m_36	37
k42_ecoli_20X_600m_36	37
k48_ecoli_20X_600m_36	37
k54_ecoli_20X_600m_36	37
k60_ecoli_20X_600m_36	37
k66_ecoli_20X_600m_36	37
k72_ecoli_20X_600m_36	37
k78_ecoli_20X_600m_36	37
k84_ecoli_20X_600m_36	37
k90_ecoli_20X_600m_36	37
k96_ecoli_20X_600m_36	37
k30_ecoli_20X_600m_37	37
k36_ecoli_20X_600m_37	37
k42_ecoli_20X_600m_37	37
k48_ecoli_20X_600m_37	37
k54_ecoli_20X_600m_37	37
k60_ecoli_20X_600m_37	37
k66_ecoli_20X_600m_37	37
k72_ecoli_20X_600m_37	37
k78_ecoli_20X_600m_37	37
k84_ecoli_20X_600m_37	37
k90_ecoli_20X_600m_37	37
k96_ecoli_20X_600m_37	37
k30_ecoli_20X_600m_38	37
k36_ecoli_20X_600m_38	37
k42_ecoli_20X_600m_38	37
k48_ecoli_20X_600m_38	37
k54_ecoli_20X_600m_38	37
k60_ecoli_20X_600m_38	37
k66_ecoli_20X_600m_38	37
k72_ecoli_20X_600m_38	37
k78_ecoli_20X_600m_38	37
k84_ecoli_20X_600m_38	37
k90_ecoli_20X_600m_38	37
k96_ecoli_20X_600m_38	37
k30_ecoli_20X_600m_39	37
k36_ecoli_20X_600m_39	37
k42_ecoli_20X_600m_39	37
k48_ecoli_20X_600m_39	37
k54_ecoli_20X_600m_39	37
k60_ecoli_20X_600m_39	37
k66_ecoli_20X_600m_39	37
k72_ecoli_20X_600m_39	37
k78_ecoli_20X_600m_39	37
k84_ecoli_20X_600m_39	37
k90_ecoli_20X_600m_39	37
k96_ecoli_20X_600m_39	37
k30_ecoli_20X_600m_4	37
k36_ecoli_20X_600m_4	37
k42_ecoli_20X_600m_4	37
k48_ecoli_20X_600m_4	37
k54_ecoli_20X_600m_4	37
k60_ecoli_20X_600m_4	37
k66_ecoli_20X_600m_4	37
k72_ecoli_20X_600m_4	37
k78_ecoli_20X_600m_4	37
k84_ecoli_20X_600m_4	37
k90_ecoli_20X_600m_4	37
k96_ecoli_20X_600m_4	37
k30_ecoli_20X_600m_40	37
k36_ecoli_20X_600m_40	37
k42_ecoli_20X_600m_40	37
k48_ecoli_20X_600m_40	37
k54_ecoli_20X_600m_40	37
k60_ecoli_20X_600m_40	37
k66_ecoli_20X_600m_40	37
k72_ecoli_20X_600m_40	37
k78_ecoli_20X_600m_40	37
k84_ecoli_20X_600m_40	37
k90_ecoli_20X_600m_40	37
k96_ecoli_20X_600m_40	37
k30_ecoli_20X_600m_41	37
k36_ecoli_20X_600m_41	37
k42_ecoli_20X_600m_41	37
k48_ecoli_20X_600m_41	37
k54_ecoli_20X_600m_41	37
k60_ecoli_20X_600m_41	37
k66_ecoli_20X_600m_41	37
k72_ecoli_20X_600m_41	37
k78_ecoli_20X_600m_41	37
k84_ecoli_20X_600m_41	37
k90_ecoli_20X_600m_41	37
k96_ecoli_20X_600m_41	37
k30_ecoli_20X_600m_42	67
k36_ecoli_20X_600m_42	67
k42_ecoli_20X_600m_42	67
k48_ecoli_20X_600m_42	67
k54_ecoli_20X_600m_42	67
k60_ecoli_20X_600m_42	67
k66_ecoli_20X_600m_42	67
k72_ecoli_20X_600m_42	67
k78_ecoli_20X_600m_42	67
k84_ecoli_20X_600m_42	67
k90_ecoli_20X_600m_42	67
k96_ecoli_20X_600m_42	67
k30_ecoli_20X_600m_43	37
k36_ecoli_20X_600m_43	37
k42_ecoli_20X_600m_43	37
k48_ecoli_20X_600m_43	37
k54_ecoli_20X_600m_43	37
k60_ecoli_20X_600m_43	37
k66_ecoli_20X_600m_43	37
k72_ecoli_20X_600m_43	37
k78_ecoli_20X_600m_43	37
k84_ecoli_20X_600m_43	37
k90_ecoli_20X_600m_43	37
k96_ecoli_20X_600m_43	37
k30_ecoli_20X_600m_44	37
k36_ecoli_20X_600m_44	37
k42_ecoli_20X_600m_44	37
k48_ecoli_20X_600m_44	37
k54_ecoli_20X_600m_44	37
k60_ecoli_20X_600m_44	37
k66_ecoli_20X_600m_44	37
k72_ecoli_20X_600m_44	37
k78_ecoli_20X_600m_44	37
k84_ecoli_20X_600m_44	37
k90_ecoli_20X_600m_44	37
k96_ecoli_20X_600m_44	37
k30_ecoli_20X_600m_45	37
k36_ecoli_20X_600m_45	37
k42_ecoli_20X_600m_45	37
k48_ecoli_20X_600m_45	37
k54_ecoli_20X_600m_45	37
k60_ecoli_20X_600m_45	37
k66_ecoli_20X_600m_45	37
k72_ecoli_20X_600m_45	37
k78_ecoli_20X_600m_45	37
k84_ecoli_20X_600m_45	37
k90_ecoli_20X_600m_45	37
k96_ecoli_20X_600m_45	37
k30_ecoli_20X_600m_46	37
k36_ecoli_20X_600m_46	37
k42_ecoli_20X_600m_46	37
k48_ecoli_20X_600m_46	37
k54_ecoli_20X_600m_46	37
k60_ecoli_20X_600m_46	37
k66_ecoli_20X_600m_46	37
k72_ecoli_20X_600m_46	37
k78_ecoli_20X_600m_46	37
k84_ecoli_20X_600m_46	37
k90_ecoli_20X_600m_46	37
k96_ecoli_20X_600m_46	37
k30_ecoli_20X_600m_47	67
k36_ecoli_20X_600m_47	67
k42_ecoli_20X_600m_47	67
k48_ecoli_20X_600m_47	67
k54_ecoli_20X_600m_47	67
k60_ecoli_20X_600m_47	67
k66_ecoli_20X_600m_47	67
k72_ecoli_20X_600m_47	67
k78_ecoli_20X_600m_47	67
k84_ecoli_20X_600m_47	67
k90_ecoli_20X_600m_47	67
k96_ecoli_20X_600m_47	67
k30_ecoli_20X_600m_48	67
k36_ecoli_20X_600m_48	67
k42_ecoli_20X_600m_48	67
k48_ecoli_20X_600m_48	67
k54_ecoli_20X_600m_48	67
k60_ecoli_20X_600m_48	67
k66_ecoli_20X_600m_48	67
k72_ecoli_20X_600m_48	67
k78_ecoli_20X_600m_48	67
k84_ecoli_20X_600m_48	67
k90_ecoli_20X_600m_48	67
k96_ecoli_20X_600m_48	67
k30_ecoli_20X_600m_49	67
k36_ecoli_20X_600m_49	67
k42_ecoli_20X_600m_49	67
k48_ecoli_20X_600m_49	67
k54_ecoli_20X_600m_49	67
k60_ecoli_20X_600m_49	67
k66_ecoli_20X_600m_49	67
k72_ecoli_20X_600m_49	67
k78_ecoli_20X_600m_49	67
k84_ecoli_20X_600m_49	67
k90_ecoli_20X_600m_49	67
k96_ecoli_20X_600m_49	67
k30_ecoli_20X_600m_5	67
k36_ecoli_20X_600m_5	67
k42_ecoli_20X_600m_5	67
k48_ecoli_20X_600m_5	67
k54_ecoli_20X_600m_5	67
k60_ecoli_20X_600m_5	67
k66_ecoli_20X_600m_5	67
k72_ecoli_20X_600m_5	67
k78_ecoli_20X_600m_5	67
k84_ecoli_20X_600m_5	67
k90_ecoli_20X_600m_5	67
k96_ecoli_20X_600m_5	67
k30_ecoli_20X_600m_50	37
k36_ecoli_20X_600m_50	37
k42_ecoli_20X_600m_50	37
k48_ecoli_20X_600m_50	37
k54_ecoli_20X_600m_50	37
k60_ecoli_20X_600m_50	37
k66_ecoli_20X_600m_50	37
k72_ecoli_20X_600m_50	37
k78_ecoli_20X_600m_50	37
k84_ecoli_20X_600m_50	37
k90_ecoli_20X_600m_50	37
k96_ecoli_20X_600m_50	37
k30_ecoli_20X_600m_6	37
k36_ecoli_20X_600m_6	37
k42_ecoli_20X_600m_6	37
k48_ecoli_20X_600m_6	37
k54_ecoli_20X_600m_6	37
k60_ecoli_20X_600m_6	37
k66_ecoli_20X_600m_6	37
k72_ecoli_20X_600m_6	37
k78_ecoli_20X_600m_6	37
k84_ecoli_20X_600m_6	37
k90_ecoli_20X_600m_6	37
k96_ecoli_20X_600m_6	37
k30_ecoli_20X_600m_7	37
k36_ecoli_20X_600m_7	37
k42_ecoli_20X_600m_7	37
k48_ecoli_20X_600m_7	37
k54_ecoli_20X_600m_7	37
k60_ecoli_20X_600m_7	37
k66_ecoli_20X_600m_7	37
k72_ecoli_20X_600m_7	37
k78_ecoli_20X_600m_7	37
k84_ecoli_20X_600m_7	37
k90_ecoli_20X_600m_7	37
k96_ecoli_20X_600m_7	37
k30_ecoli_20X_600m_8	37
k36_ecoli_20X_600m_8	37
k42_ecoli_20X_600m_8	37
k48_ecoli_20X_600m_8	37
k54_ecoli_20X_600m_8	37
k60_ecoli_20X_600m_8	37
k66_ecoli_20X_600m_8	37
k72_ecoli_20X_600m_8	37
k78_ecoli_20X_600m_8	37
k84_ecoli_20X_600m_8	37
k90_ecoli_20X_600m_8	37
k96_ecoli_20X_600m_8	37
k30_ecoli_20X_600m_9	37
k36_ecoli_20X_600m_9	37
k42_ecoli_20X_600m_9	37
k48_ecoli_20X_600m_9	37
k54_ecoli_20X_600m_9	37
k60_ecoli_20X_600m_9	37
k66_ecoli_20X_600m_9	37
k72_ecoli_20X_600m_9	37
k78_ecoli_20X_600m_9	37
k84_ecoli_20X_600m_9	37
k90_ecoli_20X_600m_9	37
k96_ecoli_20X_600m_9	37
k30_ecoli_20X_7	37
k36_ecoli_20X_7	37
k42_ecoli_20X_7	37
k48_ecoli_20X_7	37
k54_ecoli_20X_7	37
k60_ecoli_20X_7	37
k66_ecoli_20X_7	37
k72_ecoli_20X_7	37
k78_ecoli_20X_7	37
k84_ecoli_20X_7	37
k90_ecoli_20X_7	37
k96_ecoli_20X_7	37
k30_ecoli_20X_8	49
k36_ecoli_20X_8	49
k42_ecoli_20X_8	49
k48_ecoli_20X_8	49
k54_ecoli_20X_8	49
k60_ecoli_20X_8	49
k66_ecoli_20X_8	49
k72_ecoli_20X_8	49
k78_ecoli_20X_8	49
k84_ecoli_20X_8	49
k90_ecoli_20X_8	49
k96_ecoli_20X_8	49
k30_ecoli_20X_9	49
k36_ecoli_20X_9	49
k42_ecoli_20X_9	49
k48_ecoli_20X_9	49
k54_ecoli_20X_9	49
k60_ecoli_20X_9	49
k66_ecoli_20X_9	49
k72_ecoli_20X_9	49
k78_ecoli_20X_9	49
k84_ecoli_20X_9	49
k90_ecoli_20X_9	49
k96_ecoli_20X_9	49
k30_ecoli_50X_600m_1	67
k36_ecoli_50X_600m_1	67
k42_ecoli_50X_600m_1	67
k48_ecoli_50X_600m_1	67
k54_ecoli_50X_600m_1	67
k60_ecoli_50X_600m_1	67
k66_ecoli_50X_600m_1	67
k72_ecoli_50X_600m_1	67
k78_ecoli_50X_600m_1	67
k84_ecoli_50X_600m_1	67
k90_ecoli_50X_600m_1	67
k96_ecoli_50X_600m_1	67
k30_ecoli_50X_600m_10	67
k36_ecoli_50X_600m_10	67
k42_ecoli_50X_600m_10	67
k48_ecoli_50X_600m_10	67
k54_ecoli_50X_600m_10	67
k60_ecoli_50X_600m_10	67
k66_ecoli_50X_600m_10	67
k72_ecoli_50X_600m_10	67
k78_ecoli_50X_600m_10	67
k84_ecoli_50X_600m_10	67
k90_ecoli_50X_600m_10	67
k96_ecoli_50X_600m_10	67
k30_ecoli_50X_600m_11	67
k36_ecoli_50X_600m_11	67
k42_ecoli_50X_600m_11	67
k48_ecoli_50X_600m_11	67
k54_ecoli_50X_600m_11	67
k60_ecoli_50X_600m_11	67
k66_ecoli_50X_600m_11	67
k72_ecoli_50X_600m_11	67
k78_ecoli_50X_600m_11	67
k84_ecoli_50X_600m_11	67
k90_ecoli_50X_600m_11	67
k96_ecoli_50X_600m_11	67
k30_ecoli_50X_600m_12	67
k36_ecoli_50X_600m_12	67
k42_ecoli_50X_600m_12	67
k48_ecoli_50X_600m_12	67
k54_ecoli_50X_600m_12	67
k60_ecoli_50X_600m_12	67
k66_ecoli_50X_600m_12	67
k72_ecoli_50X_600m_12	67
k78_ecoli_50X_600m_12	67
k84_ecoli_50X_600m_12	67
k90_ecoli_50X_600m_12	67
k96_ecoli_50X_600m_12	67
k30_ecoli_50X_600m_13	67
k36_ecoli_50X_600m_13	67
k42_ecoli_50X_600m_13	67
k48_ecoli_50X_600m_13	67
k54_ecoli_50X_600m_13	67
k60_ecoli_50X_600m_13	67
k66_ecoli_50X_600m_13	67
k72_ecoli_50X_600m_13	67
k78_ecoli_50X_600m_13	67
k84_ecoli_50X_600m_13	67
k90_ecoli_50X_600m_13	67
k96_ecoli_50X_600m_13	67
k30_ecoli_50X_600m_14	67
k36_ecoli_50X_600m_14	67
k42_ecoli_50X_600m_14	67
k48_ecoli_50X_600m_14	67
k54_ecoli_50X_600m_14	67
k60_ecoli_50X_600m_14	67
k66_ecoli_50X_600m_14	67
k72_ecoli_50X_600m_14	67
k78_ecoli_50X_600m_14	67
k84_ecoli_50X_600m_14	67
k90_ecoli_50X_600m_14	67
k96_ecoli_50X_600m_14	67
k30_ecoli_50X_600m_15	67
k36_ecoli_50X_600m_15	67
k42_ecoli_50X_600m_15	67
k48_ecoli_50X_600m_15	67
k54_ecoli_50X_600m_15	67
k60_ecoli_50X_600m_15	67
k66_ecoli_50X_600m_15	67
k72_ecoli_50X_600m_15	67
k78_ecoli_50X_600m_15	67
k84_ecoli_50X_600m_15	67
k90_ecoli_50X_600m_15	67
k96_ecoli_50X_600m_15	67
k30_ecoli_50X_600m_16	67
k36_ecoli_50X_600m_16	67
k42_ecoli_50X_600m_16	67
k48_ecoli_50X_600m_16	67
k54_ecoli_50X_600m_16	67
k60_ecoli_50X_600m_16	67
k66_ecoli_50X_600m_16	67
k72_ecoli_50X_600m_16	67
k78_ecoli_50X_600m_16	67
k84_ecoli_50X_600m_16	67
k90_ecoli_50X_600m_16	67
k96_ecoli_50X_600m_16	67
k30_ecoli_50X_600m_17	67
k36_ecoli_50X_600m_17	67
k42_ecoli_50X_600m_17	67
k48_ecoli_50X_600m_17	67
k54_ecoli_50X_600m_17	67
k60_ecoli_50X_600m_17	67
k66_ecoli_50X_600m_17	67
k72_ecoli_50X_600m_17	67
k78_ecoli_50X_600m_17	67
k84_ecoli_50X_600m_17	67
k90_ecoli_50X_600m_17	67
k96_ecoli_50X_600m_17	67
k30_ecoli_50X_600m_18	85
k36_ecoli_50X_600m_18	85
k42_ecoli_50X_600m_18	85
k48_ecoli_50X_600m_18	85
k54_ecoli_50X_600m_18	85
k60_ecoli_50X_600m_18	85
k66_ecoli_50X_600m_18	85
k72_ecoli_50X_600m_18	85
k78_ecoli_50X_600m_18	85
k84_ecoli_50X_600m_18	85
k90_ecoli_50X_600m_18	85
k96_ecoli_50X_600m_18	85
k30_ecoli_50X_600m_19	67
k36_ecoli_50X_600m_19	67
k42_ecoli_50X_600m_19	67
k48_ecoli_50X_600m_19	67
k54_ecoli_50X_600m_19	67
k60_ecoli_50X_600m_19	67
k66_ecoli_50X_600m_19	67
k72_ecoli_50X_600m_19	67
k78_ecoli_50X_600m_19	67
k84_ecoli_50X_600m_19	67
k90_ecoli_50X_600m_19	67
k96_ecoli_50X_600m_19	67
k30_ecoli_50X_600m_2	67
k36_ecoli_50X_600m_2	67
k42_ecoli_50X_600m_2	67
k48_ecoli_50X_600m_2	67
k54_ecoli_50X_600m_2	67
k60_ecoli_50X_600m_2	67
k66_ecoli_50X_600m_2	67
k72_ecoli_50X_600m_2	67
k78_ecoli_50X_600m_2	67
k84_ecoli_50X_600m_2	67
k90_ecoli_50X_600m_2	67
k96_ecoli_50X_600m_2	67
k30_ecoli_50X_600m_20	85
k36_ecoli_50X_600m_20	85
k42_ecoli_50X_600m_20	85
k48_ecoli_50X_600m_20	85
k54_ecoli_50X_600m_20	85
k60_ecoli_50X_600m_20	85
k66_ecoli_50X_600m_20	85
k72_ecoli_50X_600m_20	85
k78_ecoli_50X_600m_20	85
k84_ecoli_50X_600m_20	85
k90_ecoli_50X_600m_20	85
k96_ecoli_50X_600m_20	85
k30_ecoli_50X_600m_21	67
k36_ecoli_50X_600m_21	67
k42_ecoli_50X_600m_21	67
k48_ecoli_50X_600m_21	67
k54_ecoli_50X_600m_21	67
k60_ecoli_50X_600m_21	67
k66_ecoli_50X_600m_21	67
k72_ecoli_50X_600m_21	67
k78_ecoli_50X_600m_21	67
k84_ecoli_50X_600m_21	67
k90_ecoli_50X_600m_21	67
k96_ecoli_50X_600m_21	67
k30_ecoli_50X_600m_22	67
k36_ecoli_50X_600m_22	67
k42_ecoli_50X_600m_22	67
k48_ecoli_50X_600m_22	67
k54_ecoli_50X_600m_22	67
k60_ecoli_50X_600m_22	67
k66_ecoli_50X_600m_22	67
k72_ecoli_50X_600m_22	67
k78_ecoli_50X_600m_22	67
k84_ecoli_50X_600m_22	67
k90_ecoli_50X_600m_22	67
k96_ecoli_50X_600m_22	67
k30_ecoli_50X_600m_23	67
k36_ecoli_50X_600m_23	67
k42_ecoli_50X_600m_23	67
k48_ecoli_50X_600m_23	67
k54_ecoli_50X_600m_23	67
k60_ecoli_50X_600m_23	67
k66_ecoli_50X_600m_23	67
k72_ecoli_50X_600m_23	67
k78_ecoli_50X_600m_23	67
k84_ecoli_50X_600m_23	67
k90_ecoli_50X_600m_23	67
k96_ecoli_50X_600m_23	67
k30_ecoli_50X_600m_24	67
k36_ecoli_50X_600m_24	67
k42_ecoli_50X_600m_24	67
k48_ecoli_50X_600m_24	67
k54_ecoli_50X_600m_24	67
k60_ecoli_50X_600m_24	67
k66_ecoli_50X_600m_24	67
k72_ecoli_50X_600m_24	67
k78_ecoli_50X_600m_24	67
k84_ecoli_50X_600m_24	67
k90_ecoli_50X_600m_24	67
k96_ecoli_50X_600m_24	67
k30_ecoli_50X_600m_25	67
k36_ecoli_50X_600m_25	67
k42_ecoli_50X_600m_25	67
k48_ecoli_50X_600m_25	67
k54_ecoli_50X_600m_25	67
k60_ecoli_50X_600m_25	67
k66_ecoli_50X_600m_25	67
k72_ecoli_50X_600m_25	67
k78_ecoli_50X_600m_25	67
k84_ecoli_50X_600m_25	67
k90_ecoli_50X_600m_25	67
k96_ecoli_50X_600m_25	67
k30_ecoli_50X_600m_26	67
k36_ecoli_50X_600m_26	67
k42_ecoli_50X_600m_26	67
k48_ecoli_50X_600m_26	67
k54_ecoli_50X_600m_26	67
k60_ecoli_50X_600m_26	67
k66_ecoli_50X_600m_26	67
k72_ecoli_50X_600m_26	67
k78_ecoli_50X_600m_26	67
k84_ecoli_50X_600m_26	67
k90_ecoli_50X_600m_26	67
k96_ecoli_50X_600m_26	67
k30_ecoli_50X_600m_27	67
k36_ecoli_50X_600m_27	67
k42_ecoli_50X_600m_27	67
k48_ecoli_50X_600m_27	67
k54_ecoli_50X_600m_27	67
k60_ecoli_50X_600m_27	67
k66_ecoli_50X_600m_27	67
k72_ecoli_50X_600m_27	67
k78_ecoli_50X_600m_27	67
k84_ecoli_50X_600m_27	67
k90_ecoli_50X_600m_27	67
k96_ecoli_50X_600m_27	67
k30_ecoli_50X_600m_28	85
k36_ecoli_50X_600m_28	85
k42_ecoli_50X_600m_28	85
k48_ecoli_50X_600m_28	85
k54_ecoli_50X_600m_28	85
k60_ecoli_50X_600m_28	85
k66_ecoli_50X_600m_28	85
k72_ecoli_50X_600m_28	85
k78_ecoli_50X_600m_28	85
k84_ecoli_50X_600m_28	85
k90_ecoli_50X_600m_28	85
k96_ecoli_50X_600m_28	85
k30_ecoli_50X_600m_29	67
k36_ecoli_50X_600m_29	67
k42_ecoli_50X_600m_29	67
k48_ecoli_50X_600m_29	67
k54_ecoli_50X_600m_29	67
k60_ecoli_50X_600m_29	67
k66_ecoli_50X_600m_29	67
k72_ecoli_50X_600m_29	67
k78_ecoli_50X_600m_29	67
k84_ecoli_50X_600m_29	67
k90_ecoli_50X_600m_29	67
k96_ecoli_50X_600m_29	67
k30_ecoli_50X_600m_3	67
k36_ecoli_50X_600m_3	67
k42_ecoli_50X_600m_3	67
k48_ecoli_50X_600m_3	67
k54_ecoli_50X_600m_3	67
k60_ecoli_50X_600m_3	67
k66_ecoli_50X_600m_3	67
k72_ecoli_50X_600m_3	67
k78_ecoli_50X_600m_3	67
k84_ecoli_50X_600m_3	67
k90_ecoli_50X_600m_3	67
k96_ecoli_50X_600m_3	67
k30_ecoli_50X_600m_30	67
k36_ecoli_50X_600m_30	67
k42_ecoli_50X_600m_30	67
k48_ecoli_50X_600m_30	67
k54_ecoli_50X_600m_30	67
k60_ecoli_50X_600m_30	67
k66_ecoli_50X_600m_30	67
k72_ecoli_50X_600m_30	67
k78_ecoli_50X_600m_30	67
k84_ecoli_50X_600m_30	67
k90_ecoli_50X_600m_30	67
k96_ecoli_50X_600m_30	67
k30_ecoli_50X_600m_31	67
k36_ecoli_50X_600m_31	67
k42_ecoli_50X_600m_31	67
k48_ecoli_50X_600m_31	67
k54_ecoli_50X_600m_31	67
k60_ecoli_50X_600m_31	67
k66_ecoli_50X_600m_31	67
k72_ecoli_50X_600m_31	67
k78_ecoli_50X_600m_31	67
k84_ecoli_50X_600m_31	67
k90_ecoli_50X_600m_31	67
k96_ecoli_50X_600m_31	67
k30_ecoli_50X_600m_32	67
k36_ecoli_50X_600m_32	67
k42_ecoli_50X_600m_32	67
k48_ecoli_50X_600m_32	67
k54_ecoli_50X_600m_32	67
k60_ecoli_50X_600m_32	67
k66_ecoli_50X_600m_32	67
k72_ecoli_50X_600m_32	67
k78_ecoli_50X_600m_32	67
k84_ecoli_50X_600m_32	67
k90_ecoli_50X_600m_32	67
k96_ecoli_50X_600m_32	67
k30_ecoli_50X_600m_33	67
k36_ecoli_50X_600m_33	67
k42_ecoli_50X_600m_33	67
k48_ecoli_50X_600m_33	67
k54_ecoli_50X_600m_33	67
k60_ecoli_50X_600m_33	67
k66_ecoli_50X_600m_33	67
k72_ecoli_50X_600m_33	67
k78_ecoli_50X_600m_33	67
k84_ecoli_50X_600m_33	67
k90_ecoli_50X_600m_33	67
k96_ecoli_50X_600m_33	67
k30_ecoli_50X_600m_34	85
k36_ecoli_50X_600m_34	85
k42_ecoli_50X_600m_34	85
k48_ecoli_50X_600m_34	85
k54_ecoli_50X_600m_34	85
k60_ecoli_50X_600m_34	85
k66_ecoli_50X_600m_34	85
k72_ecoli_50X_600m_34	85
k78_ecoli_50X_600m_34	85
k84_ecoli_50X_600m_34	85
k90_ecoli_50X_600m_34	85
k96_ecoli_50X_600m_34	85
k30_ecoli_50X_600m_35	67
k36_ecoli_50X_600m_35	67
k42_ecoli_50X_600m_35	67
k48_ecoli_50X_600m_35	67
k54_ecoli_50X_600m_35	67
k60_ecoli_50X_600m_35	67
k66_ecoli_50X_600m_35	67
k72_ecoli_50X_600m_35	67
k78_ecoli_50X_600m_35	67
k84_ecoli_50X_600m_35	67
k90_ecoli_50X_600m_35	67
k96_ecoli_50X_600m_35	67
k30_ecoli_50X_600m_36	67
k36_ecoli_50X_600m_36	67
k42_ecoli_50X_600m_36	67
k48_ecoli_50X_600m_36	67
k54_ecoli_50X_600m_36	67
k60_ecoli_50X_600m_36	67
k66_ecoli_50X_600m_36	67
k72_ecoli_50X_600m_36	67
k78_ecoli_50X_600m_36	67
k84_ecoli_50X_600m_36	67
k90_ecoli_50X_600m_36	67
k96_ecoli_50X_600m_36	67
k30_ecoli_50X_600m_37	67
k36_ecoli_50X_600m_37	67
k42_ecoli_50X_600m_37	67
k48_ecoli_50X_600m_37	67
k54_ecoli_50X_600m_37	67
k60_ecoli_50X_600m_37	67
k66_ecoli_50X_600m_37	67
k72_ecoli_50X_600m_37	67
k78_ecoli_50X_600m_37	67
k84_ecoli_50X_600m_37	67
k90_ecoli_50X_600m_37	67
k96_ecoli_50X_600m_37	67
k30_ecoli_50X_600m_38	67
k36_ecoli_50X_600m_38	67
k42_ecoli_50X_600m_38	67
k48_ecoli_50X_600m_38	67
k54_ecoli_50X_600m_38	67
k60_ecoli_50X_600m_38	67
k66_ecoli_50X_600m_38	67
k72_ecoli_50X_600m_38	67
k78_ecoli_50X_600m_38	67
k84_ecoli_50X_600m_38	67
k90_ecoli_50X_600m_38	67
k96_ecoli_50X_600m_38	67
k30_ecoli_50X_600m_39	67
k36_ecoli_50X_600m_39	67
k42_ecoli_50X_600m_39	67
k48_ecoli_50X_600m_39	67
k54_ecoli_50X_600m_39	67
k60_ecoli_50X_600m_39	67
k66_ecoli_50X_600m_39	67
k72_ecoli_50X_600m_39	67
k78_ecoli_50X_600m_39	67
k84_ecoli_50X_600m_39	67
k90_ecoli_50X_600m_39	67
k96_ecoli_50X_600m_39	67
k30_ecoli_50X_600m_4	67
k36_ecoli_50X_600m_4	67
k42_ecoli_50X_600m_4	67
k48_ecoli_50X_600m_4	67
k54_ecoli_50X_600m_4	67
k60_ecoli_50X_600m_4	67
k66_ecoli_50X_600m_4	67
k72_ecoli_50X_600m_4	67
k78_ecoli_50X_600m_4	67
k84_ecoli_50X_600m_4	67
k90_ecoli_50X_600m_4	67
k96_ecoli_50X_600m_4	67
k30_ecoli_50X_600m_40	85
k36_ecoli_50X_600m_40	85
k42_ecoli_50X_600m_40	85
k48_ecoli_50X_600m_40	85
k54_ecoli_50X_600m_40	85
k60_ecoli_50X_600m_40	85
k66_ecoli_50X_600m_40	85
k72_ecoli_50X_600m_40	85
k78_ecoli_50X_600m_40	85
k84_ecoli_50X_600m_40	85
k90_ecoli_50X_600m_40	85
k96_ecoli_50X_600m_40	85
k30_ecoli_50X_600m_41	67
k36_ecoli_50X_600m_41	67
k42_ecoli_50X_600m_41	67
k48_ecoli_50X_600m_41	67
k54_ecoli_50X_600m_41	67
k60_ecoli_50X_600m_41	67
k66_ecoli_50X_600m_41	67
k72_ecoli_50X_600m_41	67
k78_ecoli_50X_600m_41	67
k84_ecoli_50X_600m_41	67
k90_ecoli_50X_600m_41	67
k96_ecoli_50X_600m_41	67
k30_ecoli_50X_600m_42	67
k36_ecoli_50X_600m_42	67
k42_ecoli_50X_600m_42	67
k48_ecoli_50X_600m_42	67
k54_ecoli_50X_600m_42	67
k60_ecoli_50X_600m_42	67
k66_ecoli_50X_600m_42	67
k72_ecoli_50X_600m_42	67
k78_ecoli_50X_600m_42	67
k84_ecoli_50X_600m_42	67
k90_ecoli_50X_600m_42	67
k96_ecoli_50X_600m_42	67
k30_ecoli_50X_600m_43	67
k36_ecoli_50X_600m_43	67
k42_ecoli_50X_600m_43	67
k48_ecoli_50X_600m_43	67
k54_ecoli_50X_600m_43	67
k60_ecoli_50X_600m_43	67
k66_ecoli_50X_600m_43	67
k72_ecoli_50X_600m_43	67
k78_ecoli_50X_600m_43	67
k84_ecoli_50X_600m_43	67
k90_ecoli_50X_600m_43	67
k96_ecoli_50X_600m_43	67
k30_ecoli_50X_600m_44	67
k36_ecoli_50X_600m_44	67
k42_ecoli_50X_600m_44	67
k48_ecoli_50X_600m_44	67
k54_ecoli_50X_600m_44	67
k60_ecoli_50X_600m_44	67
k66_ecoli_50X_600m_44	67
k72_ecoli_50X_600m_44	67
k78_ecoli_50X_600m_44	67
k84_ecoli_50X_600m_44	67
k90_ecoli_50X_600m_44	67
k96_ecoli_50X_600m_44	67
k30_ecoli_50X_600m_45	67
k36_ecoli_50X_600m_45	67
k42_ecoli_50X_600m_45	67
k48_ecoli_50X_600m_45	67
k54_ecoli_50X_600m_45	67
k60_ecoli_50X_600m_45	67
k66_ecoli_50X_600m_45	67
k72_ecoli_50X_600m_45	67
k78_ecoli_50X_600m_45	67
k84_ecoli_50X_600m_45	67
k90_ecoli_50X_600m_45	67
k96_ecoli_50X_600m_45	67
k30_ecoli_50X_600m_46	67
k36_ecoli_50X_600m_46	67
k42_ecoli_50X_600m_46	67
k48_ecoli_50X_600m_46	67
k54_ecoli_50X_600m_46	67
k60_ecoli_50X_600m_46	67
k66_ecoli_50X_600m_46	67
k72_ecoli_50X_600m_46	67
k78_ecoli_50X_600m_46	67
k84_ecoli_50X_600m_46	67
k90_ecoli_50X_600m_46	67
k96_ecoli_50X_600m_46	67
k30_ecoli_50X_600m_47	67
k36_ecoli_50X_600m_47	67
k42_ecoli_50X_600m_47	67
k48_ecoli_50X_600m_47	67
k54_ecoli_50X_600m_47	67
k60_ecoli_50X_600m_47	67
k66_ecoli_50X_600m_47	67
k72_ecoli_50X_600m_47	67
k78_ecoli_50X_600m_47	67
k84_ecoli_50X_600m_47	67
k90_ecoli_50X_600m_47	67
k96_ecoli_50X_600m_47	67
k30_ecoli_50X_600m_48	67
k36_ecoli_50X_600m_48	67
k42_ecoli_50X_600m_48	67
k48_ecoli_50X_600m_48	67
k54_ecoli_50X_600m_48	67
k60_ecoli_50X_600m_48	67
k66_ecoli_50X_600m_48	67
k72_ecoli_50X_600m_48	67
k78_ecoli_50X_600m_48	67
k84_ecoli_50X_600m_48	67
k90_ecoli_50X_600m_48	67
k96_ecoli_50X_600m_48	67
k30_ecoli_50X_600m_49	67
k36_ecoli_50X_600m_49	67
k42_ecoli_50X_600m_49	67
k48_ecoli_50X_600m_49	67
k54_ecoli_50X_600m_49	67
k60_ecoli_50X_600m_49	67
k66_ecoli_50X_600m_49	67
k72_ecoli_50X_600m_49	67
k78_ecoli_50X_600m_49	67
k84_ecoli_50X_600m_49	67
k90_ecoli_50X_600m_49	67
k96_ecoli_50X_600m_49	67
k30_ecoli_50X_600m_5	67
k36_ecoli_50X_600m_5	67
k42_ecoli_50X_600m_5	67
k48_ecoli_50X_600m_5	67
k54_ecoli_50X_600m_5	67
k60_ecoli_50X_600m_5	67
k66_ecoli_50X_600m_5	67
k72_ecoli_50X_600m_5	67
k78_ecoli_50X_600m_5	67
k84_ecoli_50X_600m_5	67
k90_ecoli_50X_600m_5	67
k96_ecoli_50X_600m_5	67
k30_ecoli_50X_600m_50	67
k36_ecoli_50X_600m_50	67
k42_ecoli_50X_600m_50	67
k48_ecoli_50X_600m_50	67
k54_ecoli_50X_600m_50	67
k60_ecoli_50X_600m_50	67
k66_ecoli_50X_600m_50	67
k72_ecoli_50X_600m_50	67
k78_ecoli_50X_600m_50	67
k84_ecoli_50X_600m_50	67
k90_ecoli_50X_600m_50	67
k96_ecoli_50X_600m_50	67
k30_ecoli_50X_600m_6	67
k36_ecoli_50X_600m_6	67
k42_ecoli_50X_600m_6	67
k48_ecoli_50X_600m_6	67
k54_ecoli_50X_600m_6	67
k60_ecoli_50X_600m_6	67
k66_ecoli_50X_600m_6	67
k72_ecoli_50X_600m_6	67
k78_ecoli_50X_600m_6	67
k84_ecoli_50X_600m_6	67
k90_ecoli_50X_600m_6	67
k96_ecoli_50X_600m_6	67
k30_ecoli_50X_600m_7	67
k36_ecoli_50X_600m_7	67
k42_ecoli_50X_600m_7	67
k48_ecoli_50X_600m_7	67
k54_ecoli_50X_600m_7	67
k60_ecoli_50X_600m_7	67
k66_ecoli_50X_600m_7	67
k72_ecoli_50X_600m_7	67
k78_ecoli_50X_600m_7	67
k84_ecoli_50X_600m_7	67
k90_ecoli_50X_600m_7	67
k96_ecoli_50X_600m_7	67
k30_ecoli_50X_600m_8	67
k36_ecoli_50X_600m_8	67
k42_ecoli_50X_600m_8	67
k48_ecoli_50X_600m_8	67
k54_ecoli_50X_600m_8	67
k60_ecoli_50X_600m_8	67
k66_ecoli_50X_600m_8	67
k72_ecoli_50X_600m_8	67
k78_ecoli_50X_600m_8	67
k84_ecoli_50X_600m_8	67
k90_ecoli_50X_600m_8	67
k96_ecoli_50X_600m_8	67
k30_ecoli_50X_600m_9	67
k36_ecoli_50X_600m_9	67
k42_ecoli_50X_600m_9	67
k48_ecoli_50X_600m_9	67
k54_ecoli_50X_600m_9	67
k60_ecoli_50X_600m_9	67
k66_ecoli_50X_600m_9	67
k72_ecoli_50X_600m_9	67
k78_ecoli_50X_600m_9	67
k84_ecoli_50X_600m_9	67
k90_ecoli_50X_600m_9	67
k96_ecoli_50X_600m_9	67
